Mes;Dia;Hora;Ta;Global;Difusa
1;1;8;3.24;16;16
1;1;9;4.51;93;87
1;1;10;6.04;178;157
1;1;11;7.4;256;207
1;1;12;8.88;265;223
1;1;13;10.4;210;196
1;1;14;11.34;202;177
1;1;15;11.81;137;121
1;1;16;11.52;89;48
1;2;8;1.79;25;22
1;2;9;2.84;99;90
1;2;10;5.87;202;163
1;2;11;7.49;254;207
1;2;12;8.98;357;210
1;2;13;10.44;448;85
1;2;14;11.33;372;85
1;2;15;11.66;258;60
1;2;16;11.27;107;35
1;3;8;-0.44;41;19
1;3;9;1.73;190;60
1;3;10;6.44;309;104
1;3;11;8.92;418;95
1;3;12;10.59;433;140
1;3;13;11.71;435;110
1;3;14;12.44;376;81
1;3;15;12.67;236;93
1;3;16;12.14;98;48
1;4;8;5.07;41;19
1;4;9;5.3;192;57
1;4;10;7.33;334;70
1;4;11;10.28;428;78
1;4;12;11.62;478;68
1;4;13;12.54;457;77
1;4;14;13.08;387;67
1;4;15;13.13;266;56
1;4;16;12.36;112;35
1;5;8;1.18;27;22
1;5;9;2.53;186;65
1;5;10;5.54;259;152
1;5;11;8.72;366;166
1;5;12;10.33;456;110
1;5;13;11.49;457;82
1;5;14;12.22;389;66
1;5;15;12.25;269;56
1;5;16;11.79;115;35
1;6;8;-0.01;36;23
1;6;9;2.19;139;98
1;6;10;5.39;231;164
1;6;11;7.76;342;189
1;6;12;9.64;337;225
1;6;13;10.72;411;153
1;6;14;11.44;388;75
1;6;15;11.67;262;70
1;6;16;11.33;109;45
1;7;8;1.63;26;22
1;7;9;3.33;104;93
1;7;10;5.12;128;126
1;7;11;6.39;172;168
1;7;12;7.65;197;190
1;7;13;8.75;159;158
1;7;14;9.54;130;129
1;7;15;9.84;109;106
1;7;16;9.55;64;57
1;8;8;6.68;29;23
1;8;9;6.83;47;47
1;8;10;7.99;63;63
1;8;11;8.99;138;138
1;8;12;9.74;257;225
1;8;13;10.39;217;202
1;8;14;10.92;194;177
1;8;15;11.23;241;105
1;8;16;10.8;82;63
1;9;8;2.08;26;22
1;9;9;3.44;115;98
1;9;10;6.21;151;143
1;9;11;8.21;155;153
1;9;12;9.68;217;205
1;9;13;10.77;186;181
1;9;14;11.35;217;188
1;9;15;11.54;212;130
1;9;16;11.09;56;54
1;10;8;1.59;25;22
1;10;9;2.8;124;100
1;10;10;5.94;216;168
1;10;11;7.5;281;215
1;10;12;8.49;340;230
1;10;13;9.32;441;128
1;10;14;9.94;386;98
1;10;15;10.14;248;106
1;10;16;10.03;105;61
1;11;8;-1.04;30;24
1;11;9;1.16;105;94
1;11;10;4.65;136;133
1;11;11;7.27;225;202
1;11;13;11.16;495;35
1;11;14;12.16;416;51
1;11;15;12.5;288;55
1;11;16;12.04;133;37
1;12;8;-0.27;45;19
1;12;9;2.09;206;48
1;12;10;6.84;348;64
1;12;11;9.56;445;75
1;12;12;11.55;496;68
1;12;13;12.94;478;78
1;12;14;13.8;413;65
1;12;15;14.07;292;55
1;12;16;13.49;134;41
1;13;8;0.49;47;17
1;13;9;2.79;211;43
1;13;10;7.71;220;171
1;13;11;10.52;404;144
1;13;12;12.31;474;112
1;13;13;13.52;484;73
1;13;14;14.17;431;34
1;13;15;14.35;294;59
1;13;16;14.01;135;45
1;14;8;1.91;44;23
1;14;9;3.69;164;97
1;14;10;7.65;336;89
1;14;11;10.61;438;98
1;14;12;12.09;284;237
1;14;13;13.2;442;146
1;14;14;13.82;397;103
1;14;15;13.87;291;70
1;14;16;13.21;102;72
1;15;8;4.11;40;25
1;15;9;4.86;141;104
1;15;10;7.09;251;169
1;15;11;9.06;247;214
1;15;12;10.03;280;237
1;15;13;10.89;403;195
1;15;14;11.25;248;202
1;15;15;11.21;195;147
1;15;16;10.97;143;44
1;16;8;4.04;29;25
1;16;9;4.78;120;103
1;16;10;6.9;146;141
1;16;11;8.89;166;164
1;16;12;10.17;108;108
1;16;13;11.07;242;221
1;16;14;11.5;319;192
1;16;15;11.78;237;137
1;16;16;11.15;133;59
1;17;8;1.1;28;25
1;17;9;2.73;91;87
1;17;10;6.06;86;86
1;17;11;8.23;118;118
1;17;12;10.08;125;125
1;17;13;10.98;119;119
1;17;14;11.72;144;143
1;17;15;12.36;128;124
1;17;16;11.85;72;67
1;18;8;2.23;48;24
1;18;9;3.76;113;101
1;18;10;5.58;146;142
1;18;11;7.82;197;189
1;18;12;9.87;333;246
1;18;13;11.35;301;241
1;18;14;12.36;327;194
1;18;15;12.82;248;137
1;18;16;12.64;137;64
1;19;8;2.61;40;29
1;19;9;4.57;123;105
1;19;10;8.1;145;141
1;19;11;10.54;174;171
1;19;12;12.49;258;233
1;19;13;14.05;269;235
1;19;14;14.96;321;201
1;19;15;15.3;318;57
1;19;16;14.9;161;42
1;20;8;1.51;44;29
1;20;9;4.26;163;105
1;20;10;9.04;230;178
1;20;11;11.8;280;226
1;20;12;13.42;321;250
1;20;13;14.61;350;241
1;20;14;15.31;395;141
1;20;15;15.4;305;86
1;20;16;14.96;157;53
1;21;8;1.91;36;30
1;21;9;3.79;148;110
1;21;10;6.74;200;174
1;21;11;7.98;277;227
1;21;12;9.84;359;247
1;21;13;11.02;474;140
1;21;14;11.77;442;75
1;21;15;12.09;327;59
1;21;16;11.86;166;45
1;22;8;5.38;52;28
1;22;9;5.55;64;64
1;22;10;5.76;73;73
1;22;11;5.83;142;142
1;22;12;7.05;280;244
1;22;13;7.75;281;243
1;22;14;8.36;398;149
1;22;15;8.6;333;56
1;22;16;8.09;169;48
1;23;8;1.85;62;22
1;23;9;1.8;229;49
1;23;10;4.09;374;70
1;23;11;5.38;481;73
1;23;12;6.36;531;76
1;23;13;7.19;510;96
1;23;14;7.38;449;81
1;23;15;7.59;321;84
1;23;16;7.16;164;61
1;24;8;-2.85;60;25
1;24;9;-0.71;230;54
1;24;10;2.24;379;66
1;24;11;4.39;485;74
1;24;12;5.62;535;76
1;24;14;6.73;458;72
1;24;15;7.02;340;60
1;24;16;6.95;181;43
1;25;8;-0.9;27;26
1;25;9;0.55;183;107
1;25;10;2.8;281;177
1;25;11;4.07;446;142
1;25;12;5.15;408;238
1;25;13;5.73;189;187
1;25;14;5.9;170;167
1;25;15;5.75;124;122
1;25;16;5.28;119;92
1;26;8;0.34;35;32
1;26;9;0.84;99;95
1;26;10;1.56;34;34
1;26;11;2.28;144;144
1;26;12;2.76;191;189
1;26;13;3.45;353;256
1;26;14;3.61;351;210
1;26;15;3.11;153;145
1;26;16;3.02;80;77
1;26;17;2.69;2;2
1;27;8;-1.96;69;24
1;27;9;-0.32;241;50
1;27;10;2.36;390;67
1;27;11;4.4;507;52
1;27;12;6.03;557;59
1;27;13;7.3;540;77
1;27;14;8.15;477;63
1;27;15;8.55;355;56
1;27;16;8.25;195;43
1;27;17;6.85;20;14
1;28;8;1.19;72;24
1;28;9;2.34;129;114
1;28;10;3.82;228;189
1;28;11;5.43;306;241
1;28;12;6.39;493;173
1;28;13;7.11;260;239
1;28;14;7.7;256;223
1;28;15;8.43;166;155
1;28;16;8.55;146;95
1;28;17;7.66;17;15
1;29;8;4.8;39;35
1;29;9;4.95;52;52
1;29;10;5.47;137;136
1;29;11;6.13;83;83
1;29;12;6.56;71;71
1;29;13;6.85;64;64
1;29;14;7.06;123;123
1;29;15;7.3;62;62
1;29;16;7.01;91;86
1;29;17;6.83;4;4
1;30;8;3.51;46;39
1;30;9;4.44;102;99
1;30;10;5.83;183;172
1;30;11;7.19;309;245
1;30;12;8.59;389;264
1;30;13;9.31;443;227
1;30;14;9.47;484;79
1;30;15;9.21;369;57
1;30;16;9.35;214;33
1;30;17;9.19;22;18
1;31;8;0.78;83;21
1;31;9;2.91;177;124
1;31;10;5.78;412;55
1;31;11;7.2;522;58
1;31;12;8.12;573;66
1;31;13;8.75;562;71
1;31;14;9.15;448;143
1;31;15;9.25;215;179
1;31;16;7.48;124;103
1;31;17;7.45;23;20
2;1;8;5.72;84;28
2;1;9;5.95;249;69
2;1;10;6.73;320;178
2;1;11;7.33;228;216
2;1;12;7.79;225;219
2;1;13;7.9;358;270
2;1;14;7.03;187;183
2;1;15;6.96;36;36
2;1;16;6.76;218;46
2;1;17;6.15;25;22
2;2;8;3.41;89;29
2;2;9;4.11;258;71
2;2;10;5.29;417;81
2;2;11;6.7;507;124
2;2;12;7.98;554;142
2;2;13;8.72;341;276
2;2;14;9.15;387;225
2;2;15;9.13;302;171
2;2;16;8.8;159;109
2;2;17;8.1;46;19
2;3;8;-0.64;94;28
2;3;9;1.44;274;55
2;3;10;4.97;428;73
2;3;11;6.19;532;95
2;3;12;7.45;583;105
2;3;13;8.47;579;99
2;3;14;9.12;508;99
2;3;15;9.39;392;74
2;3;16;9.22;231;50
2;3;17;8.69;49;22
2;4;8;-1.73;90;34
2;4;9;1.28;264;66
2;4;10;5.19;424;70
2;4;11;7.08;544;58
2;4;12;8.72;562;129
2;4;13;10.05;571;101
2;4;14;11.05;498;105
2;4;15;11.46;377;94
2;4;16;11.27;193;96
2;4;17;10.15;38;28
2;5;8;0.17;96;31
2;5;9;3.44;273;55
2;5;10;7.68;426;72
2;5;11;9.92;546;59
2;5;12;11.59;595;71
2;5;13;12.85;579;90
2;5;14;13.63;505;96
2;5;15;13.96;398;62
2;5;16;13.79;237;47
2;5;17;12.77;55;23
2;6;8;0.93;98;32
2;6;9;4.4;276;58
2;6;10;8.97;433;67
2;6;11;11.26;548;64
2;6;12;12.83;598;78
2;6;13;14.02;584;89
2;6;14;14.78;511;96
2;6;15;15.04;399;70
2;6;16;14.74;232;62
2;6;17;13.44;51;30
2;7;8;0.9;103;32
2;7;9;5.02;280;63
2;7;10;9.25;392;143
2;7;11;11.29;557;64
2;7;12;12.69;607;77
2;7;13;13.67;587;101
2;7;14;14.32;520;97
2;7;15;14.51;407;69
2;7;16;14.18;245;52
2;7;17;12.95;64;24
2;8;8;0.05;109;31
2;8;9;4.2;290;58
2;8;10;8.52;449;66
2;8;11;10.69;566;63
2;8;12;12.35;613;83
2;8;13;13.5;603;89
2;8;14;14.2;526;102
2;8;15;14.38;415;69
2;8;16;14.01;251;55
2;8;17;12.73;69;23
2;9;8;-0.08;111;33
2;9;9;3.65;264;97
2;9;10;6.99;428;106
2;9;11;9.49;536;120
2;9;12;11.07;579;143
2;9;13;12.12;586;120
2;9;14;12.79;531;92
2;9;15;13.03;292;197
2;9;16;12.78;173;123
2;9;17;11.97;50;37
2;10;8;4.67;52;49
2;10;9;6.84;149;133
2;10;10;8.14;93;93
2;10;11;8.75;248;233
2;10;12;9.19;358;288
2;10;13;9.72;248;238
2;10;14;9.93;373;249
2;10;15;10.06;199;182
2;10;16;9.92;224;90
2;10;17;9.73;38;34
2;11;8;4.67;117;36
2;11;9;6.56;291;71
2;11;10;7.98;456;69
2;11;11;9.8;569;71
2;11;12;11.35;616;92
2;11;13;12.66;609;91
2;11;14;13.4;538;93
2;11;15;13.8;425;67
2;11;16;13.77;257;62
2;11;17;12.99;77;28
2;12;8;1.43;123;35
2;12;9;4.75;305;62
2;12;10;7.38;465;72
2;12;11;9.25;576;81
2;12;12;10.91;629;90
2;12;13;12.16;623;91
2;12;14;12.98;548;98
2;12;15;13.37;435;71
2;12;16;13.33;265;64
2;12;17;12.57;83;30
2;13;8;1.97;123;41
2;13;9;5.34;305;66
2;13;10;8.71;465;73
2;13;11;10.79;579;77
2;13;12;12.48;628;91
2;13;13;13.7;618;97
2;13;14;14.51;551;94
2;13;15;14.92;433;76
2;13;16;14.89;267;62
2;13;17;14.05;85;32
2;14;8;4.78;129;42
2;14;9;6.53;315;66
2;14;10;8.23;477;72
2;14;11;9.97;589;82
2;14;12;11.54;639;97
2;14;13;12.79;632;97
2;14;14;13.65;564;93
2;14;15;14.21;440;84
2;14;16;14.28;274;67
2;14;17;13.47;91;31
2;15;8;3.53;132;44
2;15;9;6.28;182;154
2;15;10;8.9;396;191
2;15;11;10.96;597;82
2;15;12;12.7;650;90
2;15;13;14.06;640;97
2;15;14;15;571;93
2;15;15;15.54;449;80
2;15;16;15.54;267;85
2;15;17;14.52;98;29
2;16;8;6.63;126;56
2;16;9;8.25;322;69
2;16;10;9.98;479;87
2;16;11;11.55;587;108
2;16;12;12.98;642;112
2;16;13;14.21;628;123
2;16;14;15.13;576;88
2;16;15;15.73;451;80
2;16;16;15.85;286;63
2;16;17;14.9;101;30
2;17;8;4.13;146;40
2;17;9;6.03;333;66
2;17;10;8.14;500;66
2;17;11;9.93;611;82
2;17;12;11.44;654;111
2;17;13;12.7;644;118
2;17;14;13.53;569;122
2;17;15;14.1;427;136
2;17;16;14.22;286;75
2;17;17;13.71;102;36
2;18;8;4.89;128;61
2;18;9;6.2;307;101
2;18;10;7.98;329;234
2;18;11;9.63;390;288
2;18;12;11.06;430;313
2;18;13;12.34;391;311
2;18;14;13.13;328;275
2;18;15;13.7;306;221
2;18;16;13.86;265;100
2;18;17;13.47;106;34
2;19;8;4.24;138;57
2;19;9;6.87;295;121
2;19;10;8.79;489;85
2;19;11;10.67;602;92
2;19;12;12.06;530;267
2;19;13;13.1;487;292
2;19;14;13.47;560;130
2;19;15;13.26;286;223
2;19;16;12.96;254;116
2;19;17;12.58;105;41
2;20;8;3.1;155;43
2;20;9;7.22;338;70
2;20;10;10.1;336;239
2;20;11;11.88;540;199
2;20;12;12.98;661;101
2;20;13;13.78;643;120
2;20;14;14.19;585;96
2;20;15;14.32;459;92
2;20;16;14.09;297;69
2;20;17;13.51;111;39
2;21;8;4.2;161;45
2;21;9;7.57;349;69
2;21;10;10.11;511;79
2;21;11;12.08;626;83
2;21;12;13.72;679;92
2;21;13;14.94;665;106
2;21;14;15.69;606;83
2;21;15;16.12;474;87
2;21;16;16.14;307;68
2;21;17;15.44;119;37
2;22;8;4.21;171;43
2;22;9;7.76;362;68
2;22;10;10.81;529;72
2;22;11;13;640;89
2;22;12;14.8;690;106
2;22;13;16.1;679;113
2;22;14;16.92;622;81
2;22;15;17.3;485;91
2;22;16;17.24;325;55
2;22;17;16.65;127;37
2;23;8;2.26;135;83
2;23;9;6.32;334;116
2;23;10;11.58;473;168
2;23;11;14.09;528;250
2;23;12;15.69;500;320
2;23;13;16.56;517;306
2;23;14;17.11;541;212
2;23;15;17.09;389;211
2;23;16;16.92;252;145
2;23;17;15.63;95;65
2;24;8;6.35;182;40
2;24;9;9.55;365;77
2;24;10;12.34;536;74
2;24;11;14.41;639;104
2;24;12;16.08;695;108
2;24;13;17.36;687;107
2;24;14;18.21;634;69
2;24;15;18.62;496;83
2;24;16;18.61;326;66
2;24;17;17.68;133;38
2;25;8;5.84;186;41
2;25;9;9.52;375;63
2;25;10;12.28;537;74
2;25;11;14.35;650;84
2;25;12;16.09;696;109
2;25;13;17.42;688;108
2;25;14;18.28;634;69
2;25;15;18.73;497;84
2;25;16;18.71;326;70
2;25;17;18.01;137;39
2;26;8;6.3;193;41
2;26;9;9.68;384;63
2;26;10;12.49;545;80
2;26;11;14.72;654;98
2;26;12;16.59;702;115
2;26;13;17.96;695;115
2;26;14;18.86;641;76
2;26;15;19.38;506;83
2;26;16;19.48;334;70
2;26;17;18.43;143;38
2;27;8;5.27;198;41
2;27;9;9.19;390;63
2;27;10;12.81;548;86
2;27;11;14.95;660;98
2;27;12;16.54;692;143
2;27;13;17.66;701;116
2;27;14;18.29;647;76
2;27;15;18.5;509;89
2;27;16;18.21;300;123
2;27;17;17.3;109;72
2;28;8;4.03;172;79
2;28;9;9;390;69
2;28;10;12.93;533;114
2;28;11;14.97;616;171
2;28;12;16.47;683;158
2;28;13;17.52;615;242
2;28;14;18.15;512;262
2;28;15;18.11;297;245
2;28;16;16.33;199;165
2;28;17;15.62;126;66
3;1;8;7.67;97;89
3;1;9;9.34;367;114
3;1;10;11.03;526;136
3;1;11;12.55;641;145
3;1;13;15.82;612;254
3;1;14;16.71;505;271
3;1;15;17.07;409;220
3;1;16;16.31;331;92
3;1;17;15.8;125;68
3;2;7;7.56;7;7
3;2;8;8.21;49;49
3;2;9;10.57;159;154
3;2;10;11.73;185;184
3;2;11;13.13;241;237
3;2;13;16.07;655;208
3;2;14;17.13;588;193
3;2;15;17.3;369;244
3;2;16;16.99;211;169
3;2;17;16.21;119;75
3;3;7;5.88;13;12
3;3;8;6.7;124;103
3;3;9;9.89;234;193
3;3;10;12.33;216;211
3;3;11;13.9;356;312
3;3;13;16.49;480;344
3;3;14;17.13;617;160
3;3;15;17.32;483;155
3;3;16;17.15;335;102
3;3;17;16.56;152;55
3;4;7;4.26;20;15
3;4;8;6;185;92
3;4;9;8.91;378;126
3;4;10;12.1;553;124
3;4;11;13.88;673;121
3;4;12;14.68;650;243
3;4;13;15.35;708;145
3;4;14;15.67;640;131
3;4;15;15.67;513;119
3;4;16;15.27;345;94
3;4;17;14.32;152;59
3;5;7;1.46;31;16
3;5;8;2.65;207;77
3;5;9;5.42;390;118
3;5;10;7.61;550;139
3;5;11;9.38;661;153
3;5;12;11.04;623;278
3;5;13;12.45;689;183
3;5;14;13.43;631;156
3;5;15;14.03;512;129
3;5;16;14.22;348;98
3;5;17;13.61;155;61
3;6;7;1.39;31;19
3;6;8;2.86;216;74
3;6;9;7.44;396;119
3;6;10;10.13;562;130
3;6;11;12.38;666;153
3;6;12;14.19;636;272
3;6;13;15.5;707;166
3;6;14;16.39;643;144
3;6;15;16.88;523;121
3;6;16;16.95;354;96
3;6;17;16.2;160;61
3;7;7;3.02;35;22
3;7;8;4.78;220;77
3;7;9;9.34;404;117
3;7;10;12.41;568;131
3;7;11;14.63;672;154
3;7;12;16.35;665;246
3;7;13;17.64;720;153
3;7;14;18.51;652;139
3;7;15;18.92;525;126
3;7;16;18.82;357;100
3;7;17;18.16;164;62
3;8;7;2.55;26;23
3;8;8;4.55;222;83
3;8;9;10.08;417;108
3;8;10;14.3;573;131
3;8;11;16.66;682;149
3;8;12;18.35;695;217
3;8;13;19.59;734;139
3;8;14;20.33;664;126
3;8;15;20.56;514;148
3;8;16;20.35;337;130
3;8;17;19.47;160;72
3;9;7;3.16;45;25
3;9;8;5;230;81
3;9;9;10.17;415;118
3;9;10;13.24;573;142
3;9;11;15.34;680;162
3;9;12;17.08;684;240
3;9;13;18.38;727;161
3;9;14;19.23;666;134
3;9;15;19.58;511;161
3;9;16;19.39;357;112
3;9;17;18.38;159;76
3;10;7;2.92;47;27
3;10;8;5.44;237;81
3;10;9;11;426;113
3;10;10;14.6;585;132
3;10;11;16.69;693;149
3;10;12;18.32;705;218
3;10;13;19.52;736;154
3;10;14;20.19;660;153
3;10;15;20.4;536;132
3;10;16;20.12;368;105
3;10;17;19.09;174;66
3;11;7;3.57;53;29
3;11;8;5.63;243;82
3;11;9;11.44;429;117
3;11;10;15.09;595;128
3;11;11;16.86;699;150
3;11;12;18.19;715;214
3;11;13;19.19;741;154
3;11;14;19.78;668;147
3;11;15;20.03;543;127
3;11;16;19.79;372;105
3;11;17;18.83;160;84
3;12;7;3.44;57;31
3;12;8;5.78;235;99
3;12;9;11.26;450;95
3;12;10;14.67;604;122
3;12;11;16.42;701;158
3;12;12;17.69;736;191
3;12;13;18.63;751;148
3;12;14;19.24;681;135
3;12;15;19.42;554;118
3;12;16;19.16;353;134
3;12;17;18.21;176;75
3;13;7;5.3;55;36
3;13;8;7.37;164;131
3;13;9;10.41;356;205
3;13;10;13.04;593;150
3;13;11;14.74;648;242
3;13;12;16.09;754;171
3;13;13;17.09;760;141
3;13;14;18.01;682;142
3;13;15;18.14;552;128
3;13;16;17.97;363;128
3;13;17;17.27;185;71
3;14;7;3.87;66;34
3;14;8;5.4;258;87
3;14;9;7.16;447;120
3;14;10;8.41;609;135
3;14;11;9.74;712;159
3;14;12;11.05;743;198
3;14;13;12.13;757;156
3;14;14;12.91;691;136
3;14;15;13.4;560;124
3;14;16;13.53;386;103
3;14;17;13.37;192;66
3;15;7;-0.56;71;36
3;15;8;2.24;267;84
3;15;9;6.68;456;117
3;15;10;8.34;618;129
3;15;11;9.51;722;153
3;15;12;10.67;714;247
3;15;13;11.8;758;164
3;15;14;12.09;427;340
3;15;15;12.19;356;279
3;15;16;12.05;140;139
3;15;17;11.42;72;71
3;16;7;0.28;75;38
3;16;8;2.72;268;91
3;16;9;5.96;456;125
3;16;10;7.54;621;136
3;16;11;8.88;727;153
3;16;12;10.14;761;186
3;16;13;11.19;763;164
3;16;14;11.93;692;149
3;16;15;12.37;563;135
3;16;16;12.48;393;108
3;16;17;12.25;194;74
3;17;7;3.92;52;44
3;17;8;5.18;114;111
3;17;9;6.73;146;146
3;17;10;8.04;125;125
3;17;11;9.5;71;71
3;17;12;10.82;71;71
3;17;13;11.83;230;230
3;17;14;12.54;271;265
3;17;15;13.06;514;207
3;17;16;13.52;405;94
3;17;17;13.19;129;105
3;17;18;12.08;11;11
3;18;7;6.09;35;34
3;18;8;6.15;37;37
3;18;9;6.23;95;95
3;18;10;6.33;190;190
3;18;11;6.03;184;184
3;18;12;6.23;104;104
3;18;13;6.64;290;286
3;18;14;7.61;179;179
3;18;15;8.27;213;210
3;18;16;8.94;65;65
3;18;17;8.86;92;88
3;18;18;8.54;11;11
3;19;7;7.53;54;48
3;19;8;8.03;79;79
3;19;9;8.74;234;216
3;19;10;9.63;264;256
3;19;11;10.22;442;364
3;19;12;11.27;331;320
3;19;13;12.15;473;383
3;19;14;12.77;309;295
3;19;15;13.03;88;88
3;19;16;12.24;113;113
3;19;17;11.89;100;94
3;19;18;11.32;15;15
3;20;7;8.3;93;48
3;20;8;9.71;257;130
3;20;9;11.53;510;74
3;20;10;13.08;318;291
3;20;11;13.73;243;242
3;20;12;13.81;159;159
3;20;13;13.78;162;162
3;20;14;13.84;177;177
3;20;15;14.05;304;272
3;20;16;13.59;43;43
3;20;17;12.66;59;59
3;20;18;11.54;4;4
3;21;7;8.78;48;46
3;21;8;8.93;98;98
3;21;9;9.72;171;170
3;21;10;10.8;168;168
3;21;11;10.66;375;343
3;21;12;10.83;91;91
3;21;13;10.76;124;124
3;21;14;11.42;108;108
3;21;15;11.39;155;155
3;21;16;10.96;140;139
3;21;17;10.8;129;109
3;21;18;10.56;23;18
3;22;7;8.5;48;46
3;22;8;9.03;129;125
3;22;9;10.05;200;195
3;22;10;11.14;317;293
3;22;11;11.87;165;165
3;22;12;12.23;141;141
3;22;13;11.73;331;320
3;22;14;11.93;145;145
3;22;15;12.75;362;292
3;22;16;13.41;210;192
3;22;17;13.15;173;111
3;22;18;12.56;27;19
3;23;7;6.41;78;61
3;23;8;8.04;124;121
3;23;9;8.69;108;108
3;23;10;9.36;85;85
3;23;11;9.72;212;212
3;23;12;10.45;265;264
3;23;13;10.88;137;137
3;23;14;10.52;78;78
3;23;15;9.96;91;91
3;23;16;9.62;111;111
3;23;17;9.66;39;39
3;23;18;9.31;31;21
3;24;7;6.95;68;60
3;24;8;7.84;305;111
3;24;9;8.94;405;233
3;24;10;10.22;441;329
3;24;11;11.6;521;378
3;24;12;12.3;483;400
3;24;13;13.57;175;175
3;24;14;13.98;174;174
3;24;15;13.94;380;297
3;24;16;13.69;315;209
3;24;17;12.65;224;79
3;24;18;11.56;34;22
3;25;7;3.4;128;47
3;25;8;5.67;321;99
3;25;9;6.87;449;205
3;25;10;8.36;565;276
3;25;11;9.18;695;273
3;25;12;10.45;652;365
3;25;13;10.87;525;398
3;25;14;11.3;563;338
3;25;15;11.48;360;296
3;25;16;11.32;343;199
3;25;17;11.03;215;94
3;25;18;10.38;40;21
3;26;7;3.19;118;61
3;26;8;4.84;203;166
3;26;9;7.34;301;254
3;26;10;9.36;415;333
3;26;11;10.82;401;361
3;26;12;11.42;820;178
3;26;13;12.07;823;144
3;26;14;12.44;733;161
3;26;15;12.85;564;197
3;26;16;13.27;367;185
3;26;17;13.43;201;108
3;26;18;12.53;39;25
3;27;7;9.79;138;50
3;27;8;10.61;345;81
3;27;9;13.3;542;94
3;27;10;14.8;705;99
3;27;11;16.22;821;92
3;27;12;18.04;862;110
3;27;13;19.39;854;91
3;27;14;20.75;765;108
3;27;15;21.02;625;111
3;27;16;21.04;444;97
3;27;17;20.54;241;73
3;27;18;19.42;46;23
3;28;7;6.25;142;52
3;28;8;10.09;351;82
3;28;9;15.04;548;95
3;28;10;17.25;714;92
3;28;11;19;830;82
3;28;12;20.46;885;71
3;28;13;21.56;855;101
3;28;14;22.19;761;124
3;28;15;22.34;622;123
3;28;16;22.08;446;102
3;28;17;21.34;241;77
3;28;18;19.58;47;26
3;29;7;6.25;148;54
3;29;8;10.46;353;89
3;29;9;15.12;478;204
3;29;10;17.44;553;307
3;29;11;18.83;814;126
3;29;12;20.15;862;128
3;29;13;21.17;841;136
3;29;14;21.79;691;240
3;29;15;22;636;105
3;29;16;21.73;442;114
3;29;17;20.84;213;110
3;29;18;19.14;52;26
3;30;7;7.9;151;58
3;30;8;11.85;362;82
3;30;9;16.7;551;112
3;30;10;18.79;703;136
3;30;11;20.32;828;109
3;30;12;21.61;890;81
3;30;13;22.62;868;91
3;30;14;23.28;782;100
3;30;15;23.52;636;111
3;30;16;23.3;453;103
3;30;17;22.46;251;75
3;30;18;20.62;54;28
3;31;7;8.18;159;56
3;31;8;12.42;370;80
3;31;9;17.31;562;101
3;31;10;19.63;727;100
3;31;11;21.4;846;82
3;31;12;22.79;899;70
3;31;13;23.85;884;64
3;31;14;24.46;801;68
3;31;15;24.68;630;130
3;31;16;25.32;444;122
3;31;17;23.62;252;79
3;31;18;21.91;56;29
4;1;7;-0.29;155;71
4;1;8;8.61;364;103
4;1;9;12.19;562;113
4;1;10;14.25;695;165
4;1;11;15.92;803;171
4;1;12;17.59;820;221
4;1;13;18.78;780;251
4;1;14;20.34;752;165
4;1;15;20.29;627;137
4;1;16;20.19;462;100
4;1;17;19.49;264;67
4;1;18;18.23;44;35
4;2;7;6.52;171;61
4;2;8;10.44;374;98
4;2;9;13.14;561;124
4;2;10;15.13;712;146
4;2;11;16.89;812;163
4;2;12;18.51;847;184
4;2;13;19.84;844;157
4;2;14;20.76;769;143
4;2;15;21.29;634;131
4;2;16;21.38;458;113
4;2;17;21.04;258;82
4;2;18;19.84;61;34
4;3;7;8.51;175;65
4;3;8;12.3;375;105
4;3;9;15.2;567;126
4;3;10;17.45;717;146
4;3;11;19.45;812;172
4;3;12;21.08;851;184
4;3;13;22.27;843;166
4;3;14;23.09;773;144
4;3;15;23.53;641;126
4;3;16;23.52;469;101
4;3;17;22.98;265;76
4;3;18;21.29;64;35
4;4;7;6.47;178;68
4;4;8;11.38;380;105
4;4;9;14.53;565;136
4;4;10;17;718;154
4;4;11;19.07;812;180
4;4;12;20.82;846;201
4;4;13;22.13;837;182
4;4;14;22.98;772;151
4;4;15;23.36;638;139
4;4;16;23.21;465;114
4;4;17;22.48;263;86
4;4;18;20.69;65;37
4;5;7;9.3;181;72
4;5;8;11.58;386;107
4;5;9;13.71;567;142
4;5;10;15.77;718;160
4;5;11;17.7;816;180
4;5;12;19.44;850;202
4;5;13;20.88;846;175
4;5;14;21.92;775;151
4;5;15;22.4;637;144
4;5;16;22.21;463;122
4;5;17;21.42;263;90
4;5;18;20;76;32
4;6;7;8.73;177;82
4;6;8;13.01;380;123
4;6;9;17.56;566;153
4;6;10;19.71;727;154
4;6;11;21.25;830;165
4;6;12;22.29;868;177
4;6;13;22.82;854;167
4;6;14;23.14;779;152
4;6;15;22.62;637;151
4;6;16;22.32;463;126
4;6;17;21.79;263;94
4;6;18;20.54;68;39
4;7;7;11.36;94;88
4;7;8;12.32;281;200
4;7;9;13.12;259;247
4;7;10;13.74;402;351
4;7;11;14.74;313;308
4;7;12;14.98;240;240
4;7;13;16.05;175;175
4;7;14;16.47;112;112
4;7;15;14.91;78;78
4;7;16;13.1;66;66
4;7;17;13.4;45;45
4;7;18;12.87;73;40
4;8;6;8.58;5;5
4;8;7;9.34;107;96
4;8;8;10.03;353;167
4;8;9;11.15;337;286
4;8;10;12.01;533;355
4;8;11;13.67;415;381
4;8;12;13.75;245;245
4;8;13;13.1;161;161
4;8;14;12.17;117;117
4;8;15;11.74;117;117
4;8;16;11.97;95;95
4;8;17;11.44;51;51
4;8;18;11.14;19;19
4;9;6;12.13;10;10
4;9;7;11.59;125;105
4;9;8;12.02;187;177
4;9;9;13.39;273;258
4;9;10;13.63;643;288
4;9;11;14.27;257;257
4;9;12;15.36;807;288
4;9;13;16.95;480;415
4;9;14;17.5;750;215
4;9;15;15.41;485;311
4;9;16;15.27;194;189
4;9;17;13.88;101;100
4;9;18;12.87;88;35
4;10;6;10.42;5;5
4;10;7;10.73;129;108
4;10;8;11.19;140;139
4;10;9;11.56;424;293
4;10;10;12.79;479;370
4;10;11;13.69;341;332
4;10;12;12.85;503;429
4;10;13;13.83;468;412
4;10;14;14.05;394;360
4;10;15;12.83;122;122
4;10;16;13.36;88;88
4;10;17;12.67;57;57
4;10;18;11.19;24;24
4;11;6;7.35;15;14
4;11;7;7.33;34;34
4;11;8;8.05;142;141
4;11;9;8.1;280;263
4;11;10;8.04;103;103
4;11;11;8.88;269;269
4;11;12;9.65;224;224
4;11;13;11.07;337;331
4;11;14;11.8;638;345
4;11;15;12.33;610;216
4;11;16;12.74;404;212
4;11;17;12.79;289;82
4;11;18;12.38;69;49
4;12;6;2.35;32;20
4;12;7;4.38;224;70
4;12;8;7.6;433;93
4;12;9;9.39;624;105
4;12;10;10.78;783;102
4;12;11;12.05;887;103
4;12;12;13.1;925;113
4;12;13;13.44;909;103
4;12;14;13.41;829;94
4;12;15;13.69;678;114
4;12;16;13.59;490;116
4;12;17;13.29;299;74
4;12;18;12.41;52;47
4;13;6;3.35;36;22
4;13;7;4.7;211;90
4;13;8;7.97;405;142
4;13;9;9.79;562;208
4;13;10;10.92;662;289
4;13;11;11.61;758;309
4;13;12;12.13;494;429
4;13;13;12.77;245;245
4;13;14;13.53;591;379
4;13;15;13.6;615;217
4;13;16;13.38;372;236
4;13;17;13.21;260;124
4;13;18;12.53;98;39
4;14;6;3.36;40;24
4;14;7;5.62;232;73
4;14;8;9.25;442;93
4;14;9;11.1;627;118
4;14;10;12.43;779;127
4;14;11;13.45;809;250
4;14;12;14.46;897;179
4;14;13;15.47;901;132
4;14;14;16.04;822;120
4;14;15;16.46;684;114
4;14;16;16.54;504;103
4;14;17;16.07;297;87
4;14;18;14.98;94;46
4;15;6;5.32;42;26
4;15;7;6.54;228;86
4;15;8;9.03;414;144
4;15;9;11.03;628;125
4;15;10;12.88;787;119
4;15;11;14.56;880;141
4;15;12;15.92;921;143
4;15;13;16.87;884;169
4;15;14;17.52;683;320
4;15;15;17.77;543;295
4;15;16;17.72;368;242
4;15;17;17.51;188;152
4;15;18;16.57;80;54
4;16;6;5.67;45;28
4;16;7;7.73;242;75
4;16;8;12.05;430;129
4;16;9;14.38;622;143
4;16;10;16;761;173
4;16;11;17.31;811;258
4;16;12;18.27;659;434
4;16;13;18.97;858;218
4;16;14;19.28;739;262
4;16;15;19.13;241;239
4;16;16;18.58;463;171
4;16;17;17.96;73;73
4;16;18;16.34;100;47
4;17;6;7.98;45;31
4;17;7;8.22;153;125
4;17;8;8.86;221;203
4;17;9;10.11;460;303
4;17;10;11.21;676;294
4;17;11;12.11;666;402
4;17;12;13.04;827;301
4;17;13;13;606;435
4;17;14;13.18;370;349
4;17;15;12.44;144;144
4;17;16;11.38;193;190
4;17;17;10.48;98;98
4;17;18;9.92;27;27
4;18;6;8.06;61;27
4;18;7;7.91;210;116
4;18;8;8.35;318;224
4;18;9;9.08;439;312
4;18;10;9.06;474;384
4;18;11;9.73;842;224
4;18;12;10.88;956;92
4;18;13;10.97;834;263
4;18;14;11.04;802;178
4;18;15;10.95;93;93
4;18;16;10.34;427;215
4;18;17;10.31;114;113
4;18;18;8.97;102;51
4;19;6;7.51;12;12
4;19;7;8.04;46;46
4;19;8;8.26;92;92
4;19;9;9.09;121;121
4;19;10;10.14;277;275
4;19;11;10.89;226;226
4;19;12;11.67;155;155
4;19;13;13.03;111;111
4;19;14;11.99;205;205
4;19;15;12.4;288;278
4;19;16;12.61;64;64
4;19;17;10.89;208;158
4;19;18;10.19;51;49
4;20;6;5.84;64;33
4;20;7;6.05;176;133
4;20;8;7.02;171;169
4;20;9;7.63;302;283
4;20;10;8.63;278;276
4;20;11;9.69;605;430
4;20;12;11.18;861;270
4;20;13;11.88;563;443
4;20;14;10.85;101;101
4;20;15;10.65;397;334
4;20;16;10.78;298;251
4;20;17;10.96;195;159
4;20;18;10.38;113;50
4;21;6;6.65;63;38
4;21;7;7.3;268;72
4;21;8;8.4;444;143
4;21;9;9.88;667;100
4;21;10;11.15;767;196
4;21;11;12.31;880;177
4;21;12;13.07;868;262
4;21;13;13.56;466;419
4;21;14;14.16;752;266
4;21;15;14.29;693;137
4;21;16;14.62;533;89
4;21;17;14.13;293;120
4;21;18;13.3;119;47
4;22;6;5.34;77;31
4;22;7;6.68;269;80
4;22;8;9.49;486;82
4;22;9;11.14;671;100
4;22;10;12.67;827;93
4;22;11;14.09;904;142
4;22;12;15.38;953;123
4;22;13;16.2;934;112
4;22;14;15.95;840;129
4;22;15;15.76;585;281
4;22;16;15.58;524;109
4;22;17;15.01;329;76
4;22;18;14.21;123;45
4;23;6;7.94;69;41
4;23;7;9.82;186;139
4;23;8;12.52;464;126
4;23;9;14.36;674;99
4;23;10;15.96;826;102
4;23;11;17.15;926;102
4;23;12;18.36;961;113
4;23;13;18.98;932;123
4;23;14;19.4;852;111
4;23;15;19.27;705;122
4;23;16;19.05;533;100
4;23;17;18.33;325;88
4;23;18;17.65;118;54
4;24;6;7.12;73;42
4;24;7;9.95;271;89
4;24;8;14.75;487;97
4;24;9;17.19;645;157
4;24;10;18.95;763;217
4;24;11;20.32;855;234
4;24;12;21.35;830;325
4;24;13;22.12;864;244
4;24;14;22.57;786;229
4;24;15;22.81;651;214
4;24;16;22.8;475;187
4;24;17;22.41;229;165
4;24;18;21.57;89;67
4;25;6;10.44;78;43
4;25;7;13.11;277;88
4;25;8;16.03;480;115
4;25;9;18.19;671;120
4;25;10;19.94;815;137
4;25;11;21.52;913;142
4;25;12;22.84;956;133
4;25;13;23.81;942;112
4;25;14;24.5;857;111
4;25;15;24.85;718;108
4;25;16;24.9;535;105
4;25;17;24.6;327;94
4;25;18;23.52;123;56
4;26;6;10.73;85;42
4;26;7;13.2;287;80
4;26;8;17.02;494;96
4;26;9;19.26;678;113
4;26;10;21.09;832;111
4;26;11;22.74;930;112
4;26;12;24.05;959;134
4;26;13;24.86;925;153
4;26;14;25.34;813;195
4;26;15;25.46;705;137
4;26;16;25.21;511;147
4;26;17;24.68;308;122
4;26;18;23.78;81;69
4;27;6;11.73;72;51
4;27;7;13.91;220;142
4;27;8;17.25;496;102
4;27;9;18.92;502;314
4;27;10;20.36;826;129
4;27;11;22.12;943;92
4;27;12;23;982;91
4;27;13;24.3;952;102
4;27;14;24.88;862;111
4;27;15;24.91;716;123
4;27;16;24.58;532;121
4;27;17;24.16;327;102
4;27;18;23.08;115;67
4;28;6;12.79;75;53
4;28;7;13.7;296;78
4;28;8;14.71;489;121
4;28;9;15.39;337;307
4;28;10;16.42;393;364
4;28;11;16.33;676;423
4;28;12;17.41;969;123
4;28;13;18.34;929;152
4;28;14;18.8;860;121
4;28;15;19.09;718;123
4;28;16;19.01;528;130
4;28;17;18.39;331;100
4;28;18;17.25;130;60
4;29;6;8.02;96;46
4;29;7;8.75;295;86
4;29;8;10.72;500;107
4;29;9;12.24;685;121
4;29;10;13.63;841;111
4;29;11;14.95;938;112
4;29;12;16.04;977;113
4;29;13;16.74;942;133
4;29;14;17.09;867;112
4;29;15;17.11;724;115
4;29;16;16.71;540;116
4;29;17;16.11;336;98
4;29;18;14.99;132;62
4;30;6;7.58;100;47
4;30;7;8.27;302;81
4;30;8;9.72;512;93
4;30;9;11.19;699;100
4;30;10;12.64;853;93
4;30;11;14;951;91
4;30;12;15.08;989;90
4;30;13;15.85;959;101
4;30;14;16.17;869;111
4;30;15;16.55;730;108
4;30;16;14.19;548;106
4;30;17;13.9;342;93
4;30;18;13.61;137;59
5;1;6;10.14;59;52
5;1;7;9.85;160;142
5;1;8;13.65;163;162
5;1;9;14.68;251;247
5;1;10;15.65;370;349
5;1;11;17.09;346;339
5;1;12;17.32;627;458
5;1;13;18.49;512;438
5;1;14;19.21;538;410
5;1;15;19.68;550;317
5;1;16;19.6;303;258
5;1;17;19.28;305;133
5;1;18;18.26;119;72
5;2;6;12.49;101;52
5;2;7;14.09;308;82
5;2;8;16.38;483;146
5;2;9;18.27;673;151
5;2;10;19.84;826;149
5;2;11;21.32;936;126
5;2;12;22.51;994;83
5;2;13;23.35;963;94
5;2;14;23.94;877;96
5;2;15;24.21;726;120
5;2;16;24.09;501;180
5;2;17;23.54;315;132
5;2;18;22.39;142;62
5;3;6;10.32;111;48
5;3;7;13.64;306;90
5;3;8;18.29;508;113
5;3;9;20.92;653;186
5;3;10;22.85;836;132
5;3;11;24.36;937;126
5;3;12;25.63;969;136
5;3;13;26.64;929;165
5;3;14;27.42;878;96
5;3;15;27.9;719;134
5;3;16;28.07;547;116
5;3;17;27.85;332;116
5;3;18;26.72;138;68
5;4;6;15.61;49;47
5;4;7;18.03;292;106
5;4;8;19.9;139;139
5;4;9;21.53;487;328
5;4;10;23.91;326;318
5;4;11;25.76;927;127
5;4;12;26.75;964;128
5;4;13;27.2;949;107
5;4;14;27.02;860;117
5;4;15;26.46;684;181
5;4;16;26.02;535;127
5;4;17;24.8;332;112
5;4;18;23.2;152;55
5;5;6;11.18;43;43
5;5;7;13.61;146;138
5;5;8;15.05;329;259
5;5;9;16.3;632;243
5;5;10;17.54;717;332
5;5;11;18.21;648;452
5;5;12;19.38;802;400
5;5;13;20.26;860;308
5;5;14;21.1;603;418
5;5;15;21.55;749;118
5;5;16;21.45;560;125
5;5;17;20.91;361;98
5;5;18;19.9;156;62
5;6;6;10.46;96;65
5;6;7;12.17;283;132
5;6;8;16.33;356;256
5;6;9;18.09;644;219
5;6;10;19.34;827;173
5;6;11;20.45;941;145
5;6;12;21.37;977;146
5;6;13;22.12;942;164
5;6;14;22.62;840;192
5;6;15;22.73;744;112
5;6;16;22.85;562;111
5;6;17;22.51;358;95
5;6;18;21.63;157;60
5;7;6;14.35;66;60
5;7;7;15.83;200;159
5;7;8;18.2;265;238
5;7;9;19.77;414;336
5;7;10;20.71;690;331
5;7;11;21.92;847;269
5;7;12;24.02;690;447
5;7;13;25.6;767;375
5;7;14;26.62;422;384
5;7;15;27.03;367;330
5;7;16;27.27;316;266
5;7;17;26.11;260;174
5;7;18;24.28;31;31
5;8;6;12.23;97;68
5;8;7;16.05;302;113
5;8;8;17.88;510;124
5;8;9;19.54;692;134
5;8;10;21.25;830;151
5;8;11;22.75;933;137
5;8;12;23.93;942;186
5;8;13;24.69;873;257
5;8;14;25.05;741;312
5;8;15;25.18;617;280
5;8;16;24.9;546;128
5;8;17;24.05;361;89
5;8;18;23.3;156;65
5;9;6;12.65;66;61
5;9;7;15.12;188;159
5;9;8;16.05;97;97
5;9;9;16.72;286;277
5;9;10;17.58;349;337
5;9;11;18.64;810;328
5;9;12;19.2;830;349
5;9;13;19.86;754;395
5;9;14;20.09;844;169
5;9;15;20.11;483;354
5;9;16;19.86;409;265
5;9;17;19.09;95;95
5;9;18;18.07;38;38
5;10;6;9.34;101;71
5;10;7;10.21;238;165
5;10;8;11.5;377;255
5;10;9;12.75;424;343
5;10;10;13.69;370;352
5;10;11;13.82;182;182
5;10;12;14.96;845;345
5;10;13;15.36;446;414
5;10;14;15.9;882;115
5;10;15;16.17;698;194
5;10;16;16.69;379;277
5;10;17;16.29;349;120
5;10;18;16.05;171;56
5;11;6;10.99;12;12
5;11;7;11.86;52;52
5;11;8;12.49;264;240
5;11;9;13.85;407;339
5;11;10;15.41;221;221
5;11;11;15.74;439;408
5;11;12;16.12;353;348
5;11;13;16.34;121;121
5;11;14;16.03;437;394
5;11;15;16.19;300;290
5;11;16;16.43;409;267
5;11;17;16.72;139;137
5;11;18;16.12;17;17
5;12;6;10.74;50;49
5;12;7;12.45;120;118
5;12;8;13.73;203;199
5;12;9;14.33;262;258
5;12;10;15.1;261;261
5;12;11;15.56;221;221
5;12;12;14.55;150;150
5;12;13;13.52;154;154
5;12;14;13.12;95;95
5;12;15;12.72;119;119
5;12;16;12.64;176;176
5;12;17;12.51;95;95
5;12;18;12.65;34;34
5;13;6;10.1;96;75
5;13;7;11.28;262;162
5;13;8;11.79;418;245
5;13;9;13.36;585;296
5;13;10;14.5;689;358
5;13;11;15.35;144;144
5;13;12;16.47;771;420
5;13;13;16.76;465;426
5;13;14;17.34;96;96
5;13;15;17.43;269;266
5;13;16;17.83;176;176
5;13;17;17.63;373;98
5;13;18;17.22;151;84
5;14;6;9.5;39;39
5;14;7;10.26;94;94
5;14;8;10.83;112;112
5;14;9;11.51;271;266
5;14;10;12.46;316;311
5;14;11;13.77;542;454
5;14;12;14.87;652;474
5;14;13;15.73;502;444
5;14;14;16.25;435;395
5;14;15;16.36;274;270
5;14;16;15.88;395;279
5;14;17;15.61;209;182
5;14;18;15.42;37;37
5;15;6;11.23;48;48
5;15;7;12.17;171;156
5;15;8;13.03;346;265
5;15;9;13.83;310;295
5;15;10;15.14;408;376
5;15;11;15.58;810;341
5;15;12;16.01;683;462
5;15;13;16.36;120;120
5;15;14;17.19;78;78
5;15;15;17.1;311;299
5;15;16;17.26;50;50
5;15;17;16.57;43;43
5;15;18;15.96;91;84
5;16;6;11.39;87;75
5;16;7;12.86;308;133
5;16;8;14.18;537;116
5;16;9;15.48;695;161
5;16;10;16.95;833;175
5;16;11;18.07;888;242
5;16;12;18.57;911;264
5;16;13;18.49;913;221
5;16;14;19.01;456;404
5;16;15;19.18;339;318
5;16;16;19.13;358;282
5;16;17;18.95;267;188
5;16;18;18.61;124;95
5;16;19;17.17;3;3
5;17;6;8.96;153;55
5;17;7;11.86;354;83
5;17;8;14.32;552;105
5;17;9;15.92;741;96
5;17;10;17.28;887;95
5;17;11;18.57;982;93
5;17;12;19.88;1013;103
5;17;13;21.1;998;81
5;17;14;22.12;913;84
5;17;15;22.52;767;104
5;17;16;22.57;587;106
5;17;17;22.1;390;89
5;17;18;20.88;179;72
5;17;19;18.79;8;8
5;18;6;9.4;156;55
5;18;7;13.48;356;85
5;18;8;17.46;553;109
5;18;9;19.5;730;125
5;18;10;21.07;878;122
5;18;11;22.46;977;113
5;18;12;23.57;1019;102
5;18;13;24.42;999;91
5;18;14;24.96;909;103
5;18;15;25.25;764;119
5;18;16;25.13;586;117
5;18;17;24.55;392;92
5;18;18;23.43;185;71
5;18;19;22.05;10;10
5;19;6;11.61;155;58
5;19;7;15.23;353;89
5;19;8;18.73;551;110
5;19;9;20.62;727;127
5;19;10;22.23;869;132
5;19;11;23.62;982;92
5;19;12;24.78;971;187
5;19;13;25.68;989;104
5;19;14;26.24;895;124
5;19;15;26.46;757;128
5;19;16;26.34;584;118
5;19;17;25.72;389;96
5;19;18;24.56;188;70
5;19;19;23.02;10;10
5;20;6;13.11;156;59
5;20;7;16.82;355;89
5;20;8;20.8;552;110
5;20;9;22.75;732;120
5;20;10;24.42;888;95
5;20;11;25.83;983;93
5;20;12;27;1019;91
5;20;13;27.67;995;93
5;20;14;28.13;896;124
5;20;15;28.12;770;105
5;20;16;27.33;591;106
5;20;17;26.61;364;134
5;20;18;25.64;187;74
5;20;19;23.93;12;12
5;21;6;13.79;154;63
5;21;7;17.51;349;102
5;21;8;21.33;541;131
5;21;9;23.44;720;141
5;21;10;25.17;874;123
5;21;11;26.63;978;104
5;21;12;27.82;1009;115
5;21;13;28.69;984;114
5;21;14;29.15;872;169
5;21;15;29.03;750;143
5;21;16;28.68;580;130
5;21;17;28.12;388;103
5;21;18;26.96;185;77
5;21;19;24.95;12;12
5;22;6;15.67;150;68
5;22;7;18.86;332;120
5;22;8;22.73;536;132
5;22;9;24.69;709;149
5;22;10;26.31;875;107
5;22;11;27.64;968;106
5;22;12;28.7;1004;105
5;22;13;29.37;974;116
5;22;14;29.79;887;125
5;22;15;29.94;755;122
5;22;16;29.8;577;125
5;22;17;29.35;387;101
5;22;18;28.38;184;78
5;22;19;26.03;13;13
5;23;6;15.4;151;71
5;23;7;18.59;350;102
5;23;8;22.95;535;140
5;23;9;24.98;719;141
5;23;10;26.33;868;133
5;23;11;27.68;965;125
5;23;12;28.74;990;147
5;23;13;29.46;961;156
5;23;14;29.94;876;161
5;23;15;29.96;750;144
5;23;16;29.74;581;130
5;23;17;28.94;393;101
5;23;18;27.81;194;73
5;23;19;26.14;13;13
5;24;6;18.36;154;65
5;24;7;20.17;336;114
5;24;8;21.75;532;133
5;24;9;23.37;684;182
5;24;10;25.05;849;144
5;24;11;26.63;950;128
5;24;12;28.02;980;139
5;24;13;28.92;422;400
5;24;14;29.65;824;224
5;24;15;30.25;734;153
5;24;16;30.02;598;83
5;24;17;29.45;128;127
5;24;18;28.44;190;74
5;24;19;26.5;14;14
5;25;6;19;158;64
5;25;7;21.02;319;136
5;25;8;22.82;435;242
5;25;9;24.6;712;136
5;25;10;26.13;859;126
5;25;11;27.72;951;128
5;25;12;28.95;991;117
5;25;13;29.77;957;138
5;25;14;29.79;873;145
5;25;15;29.81;243;242
5;25;16;29.27;539;182
5;25;17;28.44;345;157
5;25;18;27.65;202;64
5;25;19;26.11;11;11
5;26;6;18.36;45;45
5;26;7;19.14;40;40
5;26;8;20.5;104;104
5;26;9;21.84;738;81
5;26;10;23.2;846;145
5;26;11;24.4;936;148
5;26;12;25.71;955;179
5;26;13;26.47;922;196
5;26;14;27.19;854;171
5;26;15;27.58;736;146
5;26;16;27.71;558;152
5;26;17;27.58;259;196
5;26;18;27.05;146;103
5;26;19;25.2;21;21
5;27;6;17.68;159;67
5;27;7;18.97;344;111
5;27;8;20.52;536;137
5;27;9;22.19;715;143
5;27;10;23.92;862;134
5;27;11;25.59;953;137
5;27;12;27.04;994;127
5;27;13;28.21;965;137
5;27;14;29.04;881;145
5;27;15;29.28;755;130
5;27;16;29.46;584;126
5;27;17;29.17;391;110
5;27;18;28.52;195;79
5;27;19;26.94;22;22
5;28;6;16.82;166;64
5;28;7;17.86;354;109
5;28;8;19.28;548;131
5;28;9;20.99;726;142
5;28;10;22.79;865;151
5;28;11;24.54;962;146
5;28;12;26.05;992;157
5;28;13;27.23;964;167
5;28;14;28.1;879;170
5;28;15;28.6;759;144
5;28;16;28.67;588;136
5;28;17;28.56;400;109
5;28;18;27.97;204;77
5;28;19;26.24;21;21
5;29;6;17.07;169;65
5;29;7;18.77;359;105
5;29;8;20.71;553;131
5;29;9;22.62;731;141
5;29;10;24.51;871;151
5;29;11;26.15;962;155
5;29;12;27.04;1003;146
5;29;13;28.12;970;166
5;29;14;28.83;880;178
5;29;15;29.38;761;151
5;29;16;29.5;590;141
5;29;17;28.91;409;102
5;29;18;27.93;196;88
5;29;19;26.16;22;22
5;30;6;17.11;162;71
5;30;7;20.45;356;106
5;30;8;22.55;546;137
5;30;9;24.52;726;142
5;30;10;26.36;864;151
5;30;11;28.04;909;236
5;30;12;29.05;991;158
5;30;13;30.03;979;136
5;30;14;30.56;889;152
5;30;15;31.03;756;152
5;30;16;30.88;586;141
5;30;17;30.66;261;204
5;30;18;30.15;214;69
5;30;19;28.39;16;16
5;31;6;17.22;144;83
5;31;7;20.33;314;150
5;31;8;22.97;377;271
5;31;9;24.32;462;354
5;31;10;25.5;583;415
5;31;11;26.45;899;236
5;31;12;27.61;964;188
5;31;13;29.07;535;457
5;31;14;28.28;746;339
5;31;15;28.34;541;361
5;31;16;25.2;463;269
5;31;17;24.58;124;124
5;31;18;23.95;53;53
5;31;19;23.33;8;8
6;1;6;16.49;166;71
6;1;7;15.87;356;114
6;1;8;22.6;550;142
6;1;9;24.76;730;149
6;1;10;26.9;864;168
6;1;11;28.81;960;165
6;1;12;30.42;991;178
6;1;13;31.61;974;167
6;1;14;32.19;889;170
6;1;15;32.21;765;152
6;1;16;32.09;594;142
6;1;17;31.72;404;116
6;1;18;30.65;207;83
6;1;19;29.2;24;24
6;2;6;17.55;165;72
6;2;7;21.18;356;112
6;2;8;23.89;543;147
6;2;9;26.05;714;170
6;2;10;28.1;859;169
6;2;11;30.02;949;175
6;2;12;31.63;980;189
6;2;13;32.56;957;186
6;2;14;33.09;880;180
6;2;15;33.18;736;194
6;2;16;33.02;462;278
6;2;17;32.29;308;200
6;2;18;31.65;144;113
6;2;19;30.19;21;21
6;3;6;19.92;168;71
6;3;7;22.4;344;129
6;3;8;24.87;549;142
6;3;9;27.03;661;248
6;3;10;28.7;830;223
6;3;11;29.93;927;222
6;3;12;30.85;984;189
6;3;13;31.45;962;187
6;3;14;31.8;879;188
6;3;15;31.92;753;174
6;3;16;31.76;566;185
6;3;17;31.31;397;129
6;3;18;30.47;207;88
6;3;19;29.04;26;26
6;4;6;17.98;164;72
6;4;7;18.38;353;110
6;4;8;19.67;542;138
6;4;9;21.18;721;144
6;4;10;22.71;844;178
6;4;11;23.97;944;168
6;4;12;25.17;979;169
6;4;13;25.76;952;177
6;4;14;26.1;870;180
6;4;15;25.96;737;182
6;4;16;25.63;564;177
6;4;17;25.19;330;188
6;4;18;23.86;138;112
6;4;19;22.38;23;23
6;5;5;12.91;7;7
6;5;6;12.79;184;56
6;5;7;13.25;366;109
6;5;8;14.41;562;132
6;5;9;15.88;688;222
6;5;10;17.47;819;251
6;5;11;19.33;794;397
6;5;12;20.92;961;243
6;5;13;22.13;913;280
6;5;14;22.77;855;243
6;5;15;23.04;733;219
6;5;16;22.95;594;158
6;5;17;22.5;407;126
6;5;18;21.64;214;87
6;5;19;18.88;25;25
6;6;5;10.9;8;8
6;6;6;11.11;171;71
6;6;7;12.57;364;110
6;6;8;13.98;556;137
6;6;9;15.52;693;212
6;6;10;17.05;843;209
6;6;11;18.62;936;212
6;6;12;20.05;934;275
6;6;13;21.2;951;214
6;6;14;22.02;836;263
6;6;15;22.34;637;323
6;6;16;22.36;596;154
6;6;17;22.05;404;130
6;6;18;21.84;220;81
6;6;19;21.14;30;30
6;7;5;10.27;8;8
6;7;6;10.15;180;65
6;7;7;11.02;352;132
6;7;8;12.7;568;131
6;7;9;14.44;723;182
6;7;10;16.21;865;193
6;7;11;17.96;966;184
6;7;12;19.32;1009;178
6;7;13;20.2;987;176
6;7;14;20.91;904;179
6;7;15;21.29;780;159
6;7;16;21.55;613;142
6;7;17;21.38;422;117
6;7;18;20.82;230;76
6;7;19;19.7;25;25
6;8;5;9.83;8;8
6;8;6;10.75;176;69
6;8;7;14.81;370;104
6;8;8;17.83;561;132
6;8;9;20;736;149
6;8;10;21.8;870;168
6;8;11;23.38;903;269
6;8;12;24.43;839;395
6;8;13;25.36;918;272
6;8;14;26.36;879;205
6;8;15;26.84;700;264
6;8;16;26.67;358;299
6;8;17;26.16;374;169
6;8;18;25.27;230;73
6;8;19;23.75;27;27
6;9;5;13.93;7;7
6;9;6;14.07;144;92
6;9;7;16.56;312;167
6;9;8;18.44;566;131
6;9;9;20.07;746;141
6;9;10;21.59;887;150
6;9;11;22.88;974;165
6;9;12;23.96;1006;178
6;9;13;24.77;990;166
6;9;14;25.3;912;161
6;9;15;25.21;784;152
6;9;16;25.09;613;142
6;9;17;24.6;404;142
6;9;18;23.62;228;81
6;9;19;22.69;26;26
6;10;5;12.07;9;9
6;10;6;12.57;177;66
6;10;7;15.97;369;104
6;10;8;18.03;563;127
6;10;9;19.92;717;176
6;10;10;21.46;858;185
6;10;11;22.83;932;222
6;10;12;24;952;251
6;10;13;25;958;205
6;10;14;25.68;893;179
6;10;15;26.02;755;189
6;10;16;26.07;607;143
6;10;17;25.57;417;122
6;10;18;24.71;229;80
6;10;19;23.35;27;27
6;11;5;13.04;12;12
6;11;6;13.13;159;83
6;11;7;16.5;366;106
6;11;8;17.89;559;133
6;11;9;19.08;572;331
6;11;10;20.55;520;424
6;11;11;21.51;674;460
6;11;12;22.32;815;414
6;11;13;22.63;931;247
6;11;14;22.63;893;180
6;11;15;22.42;781;145
6;11;16;22.31;611;138
6;11;17;22.18;422;115
6;11;18;21.75;233;74
6;11;19;21.35;29;29
6;12;5;9.66;12;12
6;12;6;10.58;183;65
6;12;7;13.96;380;99
6;12;8;16.29;575;125
6;12;9;18.2;753;140
6;12;10;19.78;895;149
6;12;11;21.2;983;164
6;12;12;22.52;1016;177
6;12;13;23.59;1001;166
6;12;14;24.37;918;170
6;12;15;24.87;794;151
6;12;16;25.05;627;137
6;12;17;24.84;429;121
6;12;18;24.32;237;81
6;12;19;23.58;29;29
6;13;5;15.92;12;12
6;13;6;15.76;176;70
6;13;7;15.99;370;106
6;13;8;18.67;558;142
6;13;9;20.56;739;148
6;13;10;22.16;869;176
6;13;11;23.46;967;175
6;13;12;24.55;993;198
6;13;13;25.41;978;186
6;13;14;26.02;708;406
6;13;15;26.29;772;174
6;13;16;26.21;636;107
6;13;17;25.74;298;216
6;13;18;24.9;245;65
6;13;19;23.75;28;28
6;14;5;12.59;13;13
6;14;6;13.04;179;65
6;14;7;15.31;374;100
6;14;8;17.03;569;121
6;14;9;18.46;742;141
6;14;10;19.65;863;185
6;14;11;20.72;976;155
6;14;12;21.64;937;285
6;14;13;22.34;989;167
6;14;14;22.77;912;162
6;14;15;22.91;790;145
6;14;16;22.76;623;132
6;14;17;22.26;432;111
6;14;18;21.48;244;69
6;14;19;20.16;34;34
6;15;5;12.36;11;11
6;15;6;12.63;177;68
6;15;7;13.7;369;106
6;15;8;15.5;556;141
6;15;9;17.29;738;149
6;15;10;18.88;873;168
6;15;11;20.42;965;175
6;15;12;21.76;997;188
6;15;13;22.95;977;186
6;15;14;23.8;897;188
6;15;15;24.43;790;144
6;15;16;24.62;617;143
6;15;17;24.44;428;118
6;15;18;23.79;237;80
6;15;19;22.87;32;32
6;16;5;11.91;12;12
6;16;6;12.67;176;68
6;16;7;16.86;365;109
6;16;8;20.4;551;147
6;16;9;22.52;586;324
6;16;10;24.08;579;427
6;16;11;25.4;635;470
6;16;12;26.46;840;395
6;16;13;27.35;974;186
6;16;14;27.76;894;188
6;16;15;28.23;668;308
6;16;16;28.21;376;305
6;16;17;27.93;208;193
6;16;18;27.21;118;109
6;16;19;25.94;36;36
6;17;5;17.87;12;12
6;17;6;18.21;173;68
6;17;7;19.36;363;107
6;17;8;21.83;554;132
6;17;9;24;731;142
6;17;10;25.65;871;151
6;17;11;27.01;964;156
6;17;12;28.22;991;178
6;17;13;29.18;972;177
6;17;14;29.95;892;180
6;17;15;30.39;777;153
6;17;16;30.45;607;150
6;17;17;30.23;406;145
6;17;18;29.39;218;99
6;17;19;28.25;20;20
6;18;5;16.12;12;12
6;18;6;16.23;177;67
6;18;7;19;367;106
6;18;8;20.81;560;131
6;18;9;22.25;735;149
6;18;10;23.77;875;159
6;18;11;25.22;973;155
6;18;12;26.46;995;187
6;18;13;27.4;982;177
6;18;14;27.88;896;188
6;18;15;28.02;782;160
6;18;16;27.79;584;193
6;18;17;27.02;433;116
6;18;18;25.35;229;93
6;18;19;23.25;32;32
6;19;5;15.73;12;12
6;19;6;15.9;171;67
6;19;7;17.24;356;107
6;19;8;18.55;551;122
6;19;9;20.08;487;353
6;19;10;21.15;586;417
6;19;11;22.43;808;363
6;19;12;23.57;526;463
6;19;13;24.18;892;286
6;19;14;25.02;877;189
6;19;15;25.08;769;154
6;19;16;24.84;604;145
6;19;17;24.52;410;133
6;19;18;23.55;192;115
6;19;19;22.37;18;18
6;20;5;16.71;12;12
6;20;6;16.67;116;91
6;20;7;18.19;345;118
6;20;8;20.11;418;258
6;20;9;21.91;708;157
6;20;10;23.09;803;236
6;20;11;24.33;737;417
6;20;12;25.02;687;470
6;20;13;25.88;700;453
6;20;14;26.53;699;392
6;20;15;26.82;694;259
6;20;16;27;587;166
6;20;17;26.5;197;186
6;20;18;25.9;180;120
6;20;19;24.96;33;33
6;21;5;17.34;12;12
6;21;6;17.19;172;67
6;21;7;18.64;363;104
6;21;8;20.8;555;127
6;21;9;22.51;729;142
6;21;10;23.6;869;151
6;21;11;24.8;957;165
6;21;12;25.59;991;179
6;21;13;26.28;978;167
6;21;14;27.05;893;180
6;21;15;27.3;780;154
6;21;16;27.21;613;144
6;21;17;27.31;413;139
6;21;18;26.8;239;82
6;21;19;25.97;34;34
6;22;5;16.6;11;11
6;22;6;17.2;118;91
6;22;7;19.17;373;78
6;22;8;21.4;525;160
6;22;9;23.46;707;163
6;22;10;25.5;867;134
6;22;11;27.17;935;186
6;22;12;28.66;941;242
6;22;13;29.76;709;452
6;22;14;30.57;824;270
6;22;15;31.02;661;301
6;22;16;31.15;582;180
6;22;17;30.88;286;216
6;22;18;30.26;242;72
6;22;19;28.79;36;36
6;23;5;21.01;10;10
6;23;6;20.77;169;67
6;23;7;20.7;348;114
6;23;8;23.78;499;193
6;23;9;25.86;700;176
6;23;10;27.32;840;185
6;23;11;28.48;936;185
6;23;12;29.5;889;319
6;23;13;30.36;999;105
6;23;14;30.97;874;197
6;23;15;31.18;524;379
6;23;16;31.2;468;288
6;23;17;30.83;312;213
6;23;18;30.03;203;113
6;23;19;29.03;38;38
6;24;5;18.97;8;8
6;24;6;19.57;53;53
6;24;7;21.7;213;177
6;24;8;23.47;509;167
6;24;9;25.02;576;304
6;24;10;26.53;512;413
6;24;11;27.51;854;287
6;24;12;28.02;952;198
6;24;13;28.96;843;332
6;24;14;29.73;864;190
6;24;15;30.03;750;170
6;24;16;29.89;570;185
6;24;17;29.25;405;134
6;24;18;28.49;223;93
6;24;19;26.94;38;38
6;25;6;19.33;159;69
6;25;7;20.91;235;178
6;25;8;22.75;525;139
6;25;9;24.71;685;170
6;25;10;26.38;828;170
6;25;11;27.93;914;186
6;25;12;29.4;958;180
6;25;13;30.6;935;188
6;25;14;31.61;864;181
6;25;15;32.34;754;156
6;25;16;32.46;586;157
6;25;17;32.24;417;116
6;25;18;31.56;229;85
6;25;19;30.38;37;37
6;26;6;22.69;158;71
6;26;7;22.87;341;110
6;26;8;24.86;532;128
6;26;9;26.38;703;144
6;26;10;27.82;841;154
6;26;11;29.24;928;168
6;26;12;30.56;972;160
6;26;13;31.69;950;169
6;26;14;32.61;873;173
6;26;15;33.12;758;156
6;26;16;33.16;596;146
6;26;17;32.83;419;115
6;26;18;32.12;227;89
6;26;19;30.61;38;38
6;27;6;20.88;152;76
6;27;7;23.88;337;117
6;27;8;26.06;526;142
6;27;9;27.87;695;163
6;27;10;29.68;836;169
6;27;11;31.47;928;177
6;27;12;33.03;967;179
6;27;13;34.38;950;178
6;27;14;35.3;869;190
6;27;15;35.62;759;163
6;27;16;35.43;587;167
6;27;17;34.69;416;125
6;27;18;33.62;223;95
6;27;19;32.11;38;38
6;28;6;21.53;149;78
6;28;7;25.27;333;123
6;28;8;27.97;524;151
6;28;9;30.25;665;215
6;28;10;32.51;841;169
6;28;11;34.61;923;194
6;28;12;36.43;968;189
6;28;13;38;946;197
6;28;14;39.38;880;181
6;28;15;40.37;756;177
6;28;16;40.96;588;171
6;28;17;39.81;410;137
6;28;18;39.4;153;123
6;28;19;37.92;39;39
6;29;6;23.14;152;75
6;29;7;25.99;343;112
6;29;8;29.12;533;137
6;29;9;31.09;704;156
6;29;10;32.97;847;161
6;29;11;34.68;935;176
6;29;12;36.04;986;159
6;29;13;37.11;963;167
6;29;14;37.92;881;180
6;29;15;38.4;762;170
6;29;16;38.4;593;166
6;29;17;38;407;143
6;29;18;37.28;209;111
6;29;19;36.46;39;39
6;30;6;23.48;148;76
6;30;7;25.67;337;113
6;30;8;27.73;525;141
6;30;9;29.66;699;156
6;30;10;31.45;841;160
6;30;11;32.92;924;185
6;30;12;34.11;975;169
6;30;13;35.08;948;187
6;30;14;35.78;882;172
6;30;15;36.19;762;162
6;30;16;37.26;597;157
6;30;17;35.56;419;126
6;30;18;33.86;224;97
6;30;19;32.16;39;39
7;1;6;13.44;162;62
7;1;7;11.74;359;85
7;1;8;18.66;547;115
7;1;9;20.21;719;134
7;1;10;21.67;860;143
7;1;11;23.04;965;127
7;1;12;24.44;1002;139
7;1;13;25.54;985;138
7;1;14;26.55;908;146
7;1;15;27.06;798;114
7;1;16;27.26;637;102
7;1;17;27.11;446;93
7;1;18;26.62;251;69
7;1;19;25.52;34;34
7;2;6;16.19;157;65
7;2;7;17.86;356;88
7;2;8;19.82;531;139
7;2;9;21.91;718;134
7;2;10;23.81;859;143
7;2;11;25.55;939;177
7;2;12;26.99;990;159
7;2;13;28.26;985;138
7;2;14;29.29;917;126
7;2;15;29.92;794;123
7;2;16;30.17;630;115
7;2;17;30;441;101
7;2;18;29.43;239;85
7;2;19;28.4;37;37
7;3;6;17.37;156;65
7;3;7;20.67;349;97
7;3;8;25.13;520;152
7;3;9;27.42;713;141
7;3;10;29.28;863;134
7;3;11;30.65;927;195
7;3;12;31.4;995;149
7;3;13;32.28;937;224
7;3;14;32.73;838;258
7;3;15;32.88;768;169
7;3;16;32.91;606;155
7;3;17;32.55;398;159
7;3;18;31.82;217;105
7;3;19;30.22;35;35
7;4;6;18.92;157;62
7;4;7;21.42;349;94
7;4;8;23.04;543;115
7;4;9;24.77;715;134
7;4;10;26.54;862;134
7;4;11;28.21;958;137
7;4;12;29.52;1000;139
7;4;13;30.33;979;149
7;4;14;30.71;907;145
7;4;15;30.78;785;139
7;4;16;30.53;623;127
7;4;17;29.93;433;112
7;4;18;29.09;241;81
7;4;19;27.49;36;36
7;5;6;17.02;160;57
7;5;7;18.76;351;87
7;5;8;20.27;550;98
7;5;9;21.87;726;112
7;5;10;23.52;870;115
7;5;11;25.05;968;117
7;5;12;26.39;1010;116
7;5;13;27.38;994;116
7;5;14;28.09;916;126
7;5;15;28.52;789;131
7;5;16;28.66;626;121
7;5;17;28.35;443;97
7;5;18;27.65;246;74
7;5;19;26.05;33;33
7;6;6;15.26;158;56
7;6;7;18.4;348;91
7;6;8;20.73;543;109
7;6;9;22.26;717;127
7;6;10;23.78;855;143
7;6;11;25.3;951;147
7;6;12;26.7;999;139
7;6;13;27.78;978;149
7;6;14;28.51;906;145
7;6;15;28.74;793;123
7;6;16;28.92;626;121
7;6;17;28.35;442;96
7;6;18;27.71;245;74
7;6;19;26.72;32;32
7;7;6;18;158;54
7;7;7;19.92;348;87
7;7;8;21.89;544;103
7;7;9;23.67;715;126
7;7;10;25.34;859;134
7;7;11;26.78;956;138
7;7;12;27.98;1004;128
7;7;13;28.87;983;138
7;7;14;29.4;911;136
7;7;15;29.55;788;130
7;7;16;29.3;629;115
7;7;17;28.65;439;100
7;7;18;27.61;245;74
7;7;19;26.22;34;34
7;8;6;16.95;154;57
7;8;7;18.28;343;93
7;8;8;20.91;537;114
7;8;9;22.75;698;153
7;8;10;24.53;857;133
7;8;11;26.35;950;148
7;8;12;28.01;992;149
7;8;13;29.35;972;159
7;8;14;30.26;905;145
7;8;15;30.67;783;138
7;8;16;30.67;622;127
7;8;17;30.28;437;105
7;8;18;29.48;244;74
7;8;19;28.05;32;32
7;9;6;19.84;153;57
7;9;7;20.41;341;93
7;9;8;22.87;535;113
7;9;9;24.71;713;127
7;9;10;26.25;852;143
7;9;11;27.59;949;148
7;9;12;28.77;997;139
7;9;13;29.77;982;138
7;9;14;30.49;910;136
7;9;15;30.83;787;130
7;9;16;30.8;624;120
7;9;17;30.35;436;104
7;9;18;29.54;241;77
7;9;19;27.97;34;34
7;10;6;16.32;151;56
7;10;7;18.24;339;92
7;10;8;19.9;531;119
7;10;9;21.74;708;134
7;10;10;23.54;851;143
7;10;11;25.21;948;148
7;10;12;26.65;991;150
7;10;13;27.68;976;149
7;10;14;28.45;919;116
7;10;15;28.8;795;114
7;10;16;28.8;627;114
7;10;17;28.43;440;96
7;10;18;27.67;244;72
7;10;19;26.66;31;31
7;11;6;18.7;147;59
7;11;7;18.94;336;95
7;11;8;21.25;529;118
7;11;9;23.09;706;133
7;11;10;24.79;849;142
7;11;11;26.3;952;137
7;11;12;27.53;990;149
7;11;13;28.47;975;148
7;11;14;28.74;904;145
7;11;15;28.86;782;139
7;11;16;28.54;613;138
7;11;17;28.12;423;123
7;11;18;27.39;238;79
7;11;19;26.16;33;33
7;12;6;15.25;146;57
7;12;7;19;336;92
7;12;8;22.32;531;114
7;12;9;24.37;708;126
7;12;10;26.14;853;134
7;12;11;27.8;956;127
7;12;12;29.31;1000;128
7;12;13;30.56;985;128
7;12;14;31.49;918;116
7;12;15;32.01;790;123
7;12;16;32.15;629;108
7;12;17;31.86;438;96
7;12;18;31.09;242;71
7;12;19;29.42;32;32
7;13;6;17.34;145;55
7;13;7;19.54;334;92
7;13;8;24.4;526;118
7;13;9;26.77;703;133
7;13;10;28.79;838;160
7;13;11;30.45;934;166
7;13;12;31.77;977;169
7;13;13;32.66;968;158
7;13;14;33.2;892;163
7;13;15;33.32;772;154
7;13;16;33.11;608;144
7;13;17;32.54;423;118
7;13;18;31.6;227;89
7;13;19;30.1;35;35
7;14;6;20.21;142;56
7;14;7;20.33;334;89
7;14;8;21.99;533;103
7;14;9;23.59;709;119
7;14;10;25.19;846;143
7;14;11;26.86;949;137
7;14;12;28.34;992;138
7;14;13;29.5;978;138
7;14;14;30.32;906;135
7;14;15;30.75;780;139
7;14;16;30.73;614;132
7;14;17;30.29;432;104
7;14;18;29.3;235;78
7;14;19;27.78;32;32
7;15;6;14.83;141;55
7;15;7;18.19;328;94
7;15;8;21.45;523;118
7;15;9;23.58;696;140
7;15;10;25.44;835;159
7;15;11;27.05;932;166
7;15;12;28.45;975;169
7;15;13;29.64;961;168
7;15;14;30.6;891;164
7;15;15;31.23;779;139
7;15;16;31.5;616;126
7;15;17;31.38;428;107
7;15;18;30.65;233;77
7;15;19;29.5;32;32
7;16;6;19.95;106;74
7;16;7;21.38;273;149
7;16;8;23.13;456;203
7;16;9;24.92;702;126
7;16;10;26.94;838;150
7;16;11;28.91;941;147
7;16;12;30.71;985;149
7;16;13;32.13;971;148
7;16;14;33.16;900;145
7;16;15;33.77;778;138
7;16;16;33.99;619;121
7;16;17;33.8;429;103
7;16;18;33.11;232;77
7;16;19;31.86;32;32
7;17;6;22.26;133;58
7;17;7;23.89;323;96
7;17;8;25.59;513;127
7;17;9;27.57;685;152
7;17;10;29.64;837;151
7;17;11;31.52;935;157
7;17;12;33.11;973;169
7;17;13;34.31;965;159
7;17;14;35.13;889;163
7;17;15;35.61;777;138
7;17;16;35.73;611;132
7;17;17;35.4;423;110
7;17;18;34.42;231;78
7;17;19;33.01;31;31
7;18;6;21.86;132;57
7;18;7;24.56;321;96
7;18;8;27.09;514;122
7;18;9;29.09;695;132
7;18;10;31.1;840;142
7;18;11;33.07;939;147
7;18;12;34.78;983;149
7;18;13;36;969;148
7;18;14;36.33;898;145
7;18;15;36.57;771;145
7;18;16;36.45;613;126
7;18;17;35.97;420;114
7;18;18;35.06;225;81
7;18;19;33.33;31;31
7;19;6;20.69;126;59
7;19;7;23.57;313;102
7;19;8;28.22;509;126
7;19;9;31.34;690;139
7;19;10;33.33;834;150
7;19;11;35.07;938;147
7;19;12;36.36;977;160
7;19;13;37.16;957;168
7;19;14;37.47;892;154
7;19;15;37.44;762;161
7;19;16;37.07;598;148
7;19;17;36.38;409;127
7;19;18;35.34;215;90
7;19;19;33.58;30;30
7;20;6;21.89;124;58
7;20;7;22.62;311;102
7;20;8;25.43;510;121
7;20;9;27.3;688;139
7;20;10;29.23;828;158
7;20;11;30.85;931;156
7;20;12;32.17;975;159
7;20;13;33.05;962;159
7;20;14;33.65;891;154
7;20;15;33.87;769;146
7;20;16;33.72;607;132
7;20;17;33.07;421;106
7;20;18;32.23;226;76
7;20;19;31.17;28;28
7;21;6;21.17;128;53
7;21;7;23.15;316;92
7;21;8;25.38;514;112
7;21;9;27.2;690;132
7;21;10;28.96;840;133
7;21;11;30.51;945;127
7;21;12;31.75;985;138
7;21;13;32.4;971;138
7;21;14;32.75;899;135
7;21;15;32.71;772;138
7;21;16;32.73;609;126
7;21;17;32.36;422;103
7;21;18;31.54;220;80
7;21;19;30.82;28;28
7;22;6;20.65;127;49
7;22;7;22.2;314;92
7;22;8;24.95;504;126
7;22;9;27.05;685;139
7;22;10;28.89;825;158
7;22;11;30.54;923;165
7;22;12;31.97;946;207
7;22;13;33.08;938;197
7;22;14;33.97;883;162
7;22;15;34.46;758;160
7;22;16;34.55;601;137
7;22;17;34.09;416;110
7;22;18;33.03;220;79
7;22;19;31.9;28;28
7;23;6;21.55;123;51
7;23;7;23.09;313;89
7;23;8;25.27;510;112
7;23;9;27.15;687;132
7;23;10;29.12;828;150
7;23;11;31.02;932;146
7;23;12;32.62;982;138
7;23;13;33.79;963;148
7;23;14;34.61;892;145
7;23;15;35.04;769;138
7;23;16;35.09;609;120
7;23;17;34.73;421;99
7;23;18;33.8;223;72
7;23;19;32.43;27;27
7;24;6;20.91;116;54
7;24;7;22.07;303;101
7;24;8;23.82;497;130
7;24;9;25.65;677;145
7;24;10;27.57;817;166
7;24;11;29.67;926;157
7;24;12;31.58;965;169
7;24;13;32.83;946;177
7;24;14;33.56;881;163
7;24;15;34.24;755;160
7;24;16;34.38;591;148
7;24;17;34.17;405;119
7;24;18;33.39;214;81
7;24;19;31.48;27;27
7;25;6;24.29;98;64
7;25;7;24.67;104;103
7;25;8;26.61;430;208
7;25;9;28.37;572;278
7;25;10;29.91;654;360
7;25;11;31.05;758;378
7;25;12;31.54;964;169
7;25;13;32.2;950;168
7;25;14;33.02;860;197
7;25;15;33.27;288;283
7;25;16;33.32;159;159
7;25;17;33;37;37
7;25;18;31.64;19;19
7;25;19;31.06;13;13
7;26;6;20.69;110;56
7;26;7;22.64;298;99
7;26;8;24.77;493;129
7;26;9;26.74;674;145
7;26;10;28.91;819;158
7;26;11;30.82;918;166
7;26;12;32.25;973;149
7;26;13;33.09;959;148
7;26;14;33.81;883;154
7;26;15;32.51;747;166
7;26;16;33.28;54;54
7;26;17;31.27;37;37
7;26;18;29.9;40;40
7;26;19;29.21;25;25
7;27;6;22.19;103;58
7;27;7;21.23;291;105
7;27;8;23.4;494;125
7;27;9;25.24;679;131
7;27;10;26.95;822;150
7;27;11;28.44;931;136
7;27;12;29.47;971;148
7;27;13;30.15;952;158
7;27;14;30.29;881;153
7;27;15;29.89;750;160
7;27;16;30.13;501;248
7;27;17;29.73;63;63
7;27;18;29.1;207;79
7;27;19;26.63;21;21
7;28;6;19.48;107;52
7;28;7;20.93;292;101
7;28;8;22.84;497;115
7;28;9;24.28;677;131
7;28;10;25.32;824;141
7;28;11;26.57;930;137
7;28;12;27.75;970;149
7;28;13;28.22;956;148
7;28;14;28.97;884;144
7;28;15;29.61;748;159
7;28;16;29.4;541;204
7;28;17;28.88;390;127
7;28;18;28.22;205;79
7;28;19;27.32;23;23
7;29;6;21.34;107;49
7;29;7;22.08;298;89
7;29;8;24.13;500;106
7;29;9;26.14;679;125
7;29;10;27.73;823;141
7;29;11;29.03;933;127
7;29;12;30.18;974;139
7;29;13;31.1;960;138
7;29;14;31.82;887;135
7;29;15;32.18;763;129
7;29;16;32.26;594;124
7;29;17;31.94;404;105
7;29;18;31.18;207;73
7;29;19;29.8;21;21
7;30;6;18.61;104;49
7;30;7;20.55;293;94
7;30;8;25.44;493;115
7;30;9;28.04;674;132
7;30;10;30.01;821;141
7;30;11;31.36;922;147
7;30;12;32.47;967;149
7;30;13;33.35;963;127
7;30;14;34;886;135
7;30;15;34.35;769;113
7;30;16;34.38;602;108
7;30;17;34.02;403;100
7;30;18;33.27;208;68
7;30;19;31.84;20;20
7;31;6;23.12;105;47
7;31;7;23.36;292;91
7;31;8;25.88;493;110
7;31;9;28.35;672;132
7;31;10;30.13;810;157
7;31;11;31.63;915;156
7;31;12;32.94;955;169
7;31;13;33.93;946;158
7;31;14;34.6;879;144
7;31;15;34.92;751;145
7;31;16;34.27;580;141
7;31;17;33.14;392;114
7;31;18;32.01;198;75
7;31;19;30.89;19;19
8;1;6;18.47;106;44
8;1;7;17.34;297;79
8;1;8;21.79;491;105
8;1;9;23.62;676;109
8;1;10;25.41;742;251
8;1;11;26.82;533;440
8;1;12;27.47;848;317
8;1;13;27.12;912;202
8;1;14;26.81;862;160
8;1;15;25.42;765;105
8;1;16;25.04;591;112
8;1;17;24.66;399;96
8;1;18;24.2;203;67
8;1;19;23.54;19;19
8;2;6;17.21;104;43
8;2;7;17.32;294;78
8;2;8;20.05;486;109
8;2;9;22.04;642;167
8;2;10;23.65;819;123
8;2;11;25.12;920;125
8;2;12;26.46;961;137
8;2;13;27.64;814;337
8;2;14;28.53;766;300
8;2;15;29.06;758;112
8;2;16;29.15;522;208
8;2;17;28.79;411;72
8;2;18;27.91;120;101
8;2;19;26.21;10;10
8;3;7;19.59;292;78
8;3;8;22.85;481;113
8;3;9;24.73;669;117
8;3;10;26.43;817;122
8;3;11;27.95;919;126
8;3;12;29.35;969;116
8;3;13;30.48;950;126
8;3;14;31.3;868;143
8;3;15;31.82;744;135
8;3;16;31.89;583;118
8;3;17;31.54;360;142
8;3;18;30.63;203;58
8;3;19;29.22;17;17
8;4;6;17.13;76;54
8;4;7;19.57;265;109
8;4;8;24.19;484;104
8;4;9;27.12;652;142
8;4;10;29.21;824;105
8;4;11;30.92;922;116
8;4;12;32.34;967;115
8;4;13;33.41;953;116
8;4;14;34;861;152
8;4;15;34.32;725;163
8;4;16;34.34;564;143
8;4;17;34;387;103
8;4;18;33.25;193;67
8;4;19;31.61;15;15
8;5;6;18.98;93;45
8;5;7;21.17;279;88
8;5;8;26.18;446;158
8;5;9;28.94;665;117
8;5;10;30.88;813;122
8;5;11;32.3;905;145
8;5;12;33.37;966;116
8;5;13;34.05;936;146
8;5;14;34.38;864;143
8;5;15;34.13;739;135
8;5;16;33.97;571;128
8;5;17;33.57;382;105
8;5;18;32.77;188;69
8;5;19;31.75;13;13
8;6;6;20.72;91;43
8;6;7;22.2;280;84
8;6;8;24.86;480;104
8;6;9;26.64;666;110
8;6;10;28.21;811;122
8;6;11;29.6;918;116
8;6;12;30.8;974;95
8;6;13;31.71;888;225
8;6;14;32.33;880;106
8;6;15;32.4;717;170
8;6;16;32.32;562;138
8;6;17;31.77;373;114
8;6;18;30.84;140;97
8;6;19;29.53;10;10
8;7;6;21.5;90;41
8;7;7;21.59;279;82
8;7;8;23.42;478;104
8;7;9;25.29;660;116
8;7;10;27.08;809;122
8;7;11;28.61;896;153
8;7;12;29.81;941;156
8;7;13;30.74;947;116
8;7;14;31.36;850;160
8;7;15;31.68;710;176
8;7;16;31.52;566;128
8;7;17;30.79;372;111
8;7;18;29.73;182;67
8;7;19;28.44;10;10
8;8;6;19.42;86;42
8;8;7;20.51;273;85
8;8;8;23.15;450;143
8;8;9;25.12;651;129
8;8;10;26.78;781;170
8;8;11;28.2;894;153
8;8;12;29.37;924;185
8;8;13;30.27;894;210
8;8;14;30.84;852;151
8;8;15;31.16;720;156
8;8;16;30.89;358;281
8;8;17;30.27;366;112
8;8;18;29.21;172;74
8;9;6;17.98;84;40
8;9;7;20.2;271;85
8;9;8;22.25;473;104
8;9;9;23.86;660;110
8;9;10;25.61;805;122
8;9;11;26.84;917;106
8;9;12;27.3;942;146
8;9;13;27.85;902;192
8;9;14;27.89;458;401
8;9;15;27.56;705;176
8;9;16;27.49;536;164
8;9;17;27.58;277;184
8;9;18;27.27;182;57
8;10;6;19.84;78;42
8;10;7;20.71;264;90
8;10;8;22.08;463;116
8;10;9;23.64;643;135
8;10;10;25.32;795;139
8;10;11;27.07;895;144
8;10;12;28.56;940;146
8;10;13;29.95;920;155
8;10;14;30.92;838;168
8;10;15;31.23;730;127
8;10;16;31.11;303;266
8;10;17;30.62;73;73
8;10;18;28.11;88;81
8;11;6;19.96;80;39
8;11;7;20.82;266;84
8;11;8;22.59;463;112
8;11;9;24.3;648;122
8;11;10;26.36;801;122
8;11;11;27.76;913;106
8;11;12;28.97;958;105
8;11;13;29.63;933;126
8;11;14;30.16;859;125
8;11;15;30.71;731;119
8;11;16;31.35;560;116
8;11;17;31.17;367;97
8;11;18;30.67;171;63
8;12;6;21;77;39
8;12;7;22.26;263;83
8;12;8;24.43;466;103
8;12;9;26.5;649;115
8;12;10;28.54;803;114
8;12;11;29.97;911;106
8;12;12;31.04;951;116
8;12;13;32.34;931;126
8;12;14;32.94;851;133
8;12;15;33.15;725;127
8;12;16;33.21;557;116
8;12;17;32.81;330;139
8;12;18;32.13;118;89
8;13;6;21.87;74;39
8;13;7;23.16;206;130
8;13;8;25.55;441;138
8;13;9;27.4;302;282
8;13;10;29.35;729;235
8;13;11;30.94;874;171
8;13;12;32.26;939;137
8;13;13;33.29;517;438
8;13;14;33.79;794;226
8;13;15;33.84;270;266
8;13;16;33.73;393;269
8;13;17;32.16;32;32
8;13;18;31.29;70;68
8;14;6;19.8;76;34
8;14;7;21.67;258;82
8;14;8;25.04;461;103
8;14;9;27.23;645;116
8;14;10;29.02;799;114
8;14;11;30.81;901;115
8;14;12;32.05;946;116
8;14;13;32.98;935;105
8;14;14;33.69;859;105
8;14;15;33.94;730;104
8;14;16;33.96;556;105
8;14;17;33.76;358;92
8;14;18;32.99;161;59
8;17;6;19.95;63;36
8;17;7;22.37;255;76
8;17;8;26.46;436;129
8;17;9;28.94;583;200
8;17;10;31.02;762;168
8;17;11;32.91;851;196
8;17;12;34.37;929;136
8;17;13;35.5;918;126
8;17;14;36.03;841;124
8;17;15;36.25;716;112
8;17;16;35.97;542;109
8;17;17;35.52;341;99
8;17;18;34.79;109;80
8;18;6;21.17;57;36
8;18;7;23.14;213;115
8;18;8;25.75;163;161
8;18;9;28.8;374;308
8;18;10;30.13;705;248
8;18;11;31.93;802;266
8;18;12;33.34;936;116
8;18;13;33.87;924;106
8;18;14;34.63;843;115
8;18;15;34.6;716;104
8;18;16;34.65;538;109
8;18;17;34.18;335;101
8;18;18;33.45;135;65
8;19;6;20.27;59;32
8;19;7;21.92;40;40
8;19;8;26.45;429;132
8;19;9;28.86;609;156
8;19;10;30.88;762;161
8;19;11;32.73;875;144
8;19;12;34.02;939;106
8;19;13;34.86;926;96
8;19;14;35.4;849;97
8;19;15;35.63;720;89
8;19;16;35.57;537;104
8;19;17;35.13;335;96
8;19;18;34.28;136;60
8;20;6;22.94;57;33
8;20;7;21.59;238;87
8;20;8;26.22;431;124
8;20;9;28.79;610;150
8;20;10;31;755;168
8;20;11;32.65;863;161
8;20;12;33.73;921;136
8;20;13;34.41;914;116
8;20;14;34.9;836;115
8;20;15;35.12;709;104
8;20;16;34.95;533;103
8;20;17;34.41;336;87
8;20;18;33.5;136;55
8;21;6;18.44;56;30
8;21;7;19.71;236;84
8;21;8;24.77;445;97
8;21;9;27.94;631;108
8;21;10;29.92;774;130
8;21;11;31.57;879;125
8;21;12;33;913;145
8;21;13;34.04;901;135
8;21;14;34.67;820;141
8;21;15;34.93;690;132
8;21;16;34.82;521;118
8;21;17;34.38;325;97
8;21;18;33.49;131;55
8;22;6;18.97;53;29
8;22;7;20.94;238;79
8;22;8;25.72;443;97
8;22;9;28.58;622;121
8;22;10;30.87;771;130
8;22;11;32.82;872;134
8;22;12;34.29;911;146
8;22;13;35.22;888;154
8;22;14;35.79;812;149
8;22;15;36.03;683;139
8;22;16;36.02;514;123
8;22;17;35.68;319;99
8;22;18;34.99;124;56
8;23;6;20.08;49;29
8;23;7;21.8;232;81
8;23;8;26.26;431;112
8;23;9;29.4;619;120
8;23;10;31.56;765;138
8;23;11;33.38;869;134
8;23;12;34.68;903;155
8;23;13;35.52;890;145
8;23;14;35.97;808;148
8;23;15;36.21;679;138
8;23;16;36.11;507;127
8;23;17;35.72;311;103
8;23;18;34.84;120;56
8;24;6;20.49;52;26
8;24;7;21.51;223;88
8;24;8;24;451;73
8;24;9;25.94;517;251
8;24;10;27.72;630;312
8;24;11;29.2;825;208
8;24;12;30.32;875;199
8;24;13;30.9;786;299
8;24;14;31.3;617;367
8;24;15;31.27;335;307
8;24;16;30.57;262;237
8;24;17;29.65;155;144
8;24;18;28.67;99;63
8;25;6;19.8;49;25
8;25;7;19.43;228;79
8;25;8;20.55;428;108
8;25;9;21.94;601;143
8;25;10;23.56;755;145
8;25;11;24.96;855;152
8;25;12;26.3;887;173
8;25;13;27.16;874;163
8;25;14;27.65;797;156
8;25;15;27.81;660;157
8;25;16;27.81;504;117
8;25;17;27.55;307;94
8;25;18;26.71;105;57
8;26;6;20.37;45;26
8;26;7;19.98;228;75
8;26;8;21.67;425;107
8;26;9;23.81;605;132
8;26;10;25.84;748;152
8;26;11;27.5;852;152
8;26;12;28.79;884;172
8;26;13;29.8;865;170
8;26;14;30.52;793;156
8;26;15;30.9;667;137
8;26;16;30.86;497;121
8;26;17;30.37;304;91
8;26;18;29.29;111;47
8;27;6;16.93;42;25
8;27;7;17.88;226;75
8;27;8;23.12;420;111
8;27;9;26.58;602;131
8;27;10;28.73;741;158
8;27;11;30.42;849;152
8;27;12;31.67;876;181
8;27;13;32.56;862;170
8;27;14;33.17;789;155
8;27;15;33.49;663;137
8;27;16;33.46;492;120
8;27;17;32.98;300;90
8;27;18;31.84;106;48
8;28;6;18.41;39;24
8;28;7;19;222;76
8;28;8;24.33;422;103
8;28;9;27.98;606;120
8;28;10;30.25;751;137
8;28;11;32.02;855;134
8;28;12;33.36;883;163
8;28;13;34.31;868;152
8;28;14;34.97;794;139
8;28;15;35.18;662;130
8;28;16;34.94;493;111
8;28;17;34.17;297;87
8;28;18;32.86;102;46
8;29;6;21.36;37;23
8;29;7;22.13;215;80
8;29;8;24.3;415;110
8;29;9;26.15;594;137
8;29;10;28.07;736;158
8;29;11;30;838;159
8;29;12;31.68;865;189
8;29;13;33.02;850;178
8;29;14;33.82;773;170
8;29;15;34.12;651;143
8;29;16;34;475;131
8;29;17;33.24;279;103
8;29;18;32.21;96;47
8;30;6;22.04;34;22
8;30;7;22.69;210;82
8;30;8;25.65;410;113
8;30;9;28.03;581;152
8;30;10;30.07;729;165
8;30;11;31.91;831;168
8;30;12;33.33;857;197
8;30;13;34.51;847;178
8;30;14;35.26;769;170
8;30;15;35.39;643;148
8;30;16;35.07;473;127
8;30;17;34.38;279;96
8;30;18;33.23;89;46
8;31;6;20.88;29;22
8;31;7;22.22;192;97
8;31;8;25.43;407;113
8;31;9;27.64;588;136
8;31;10;29.72;730;157
8;31;11;31.75;832;159
8;31;12;33.19;863;179
8;31;13;34.17;843;177
8;31;14;34.82;769;162
8;31;15;35.13;642;142
8;31;16;34.64;463;134
8;31;17;33.64;288;76
8;31;18;32.65;87;44
9;1;6;20.71;23;19
9;1;7;19.71;211;73
9;1;8;24.12;409;104
9;1;9;28.3;601;104
9;1;10;31.04;747;118
9;1;11;33.02;847;121
9;1;12;34.32;893;113
9;1;13;35.2;858;140
9;1;14;35.72;777;135
9;1;15;35.93;644;126
9;1;16;35.71;464;123
9;1;17;35.06;276;85
9;1;18;33.79;81;43
9;2;6;22.57;22;19
9;2;7;21.42;191;89
9;2;8;24.56;390;125
9;2;9;28.37;579;138
9;2;10;30.5;728;147
9;2;11;32.19;835;139
9;2;12;33.68;885;123
9;2;13;34.88;849;148
9;2;14;35.63;760;158
9;2;15;35.86;626;150
9;2;16;35.68;441;147
9;2;17;34.96;250;108
9;2;18;33.48;72;44
9;3;6;18.54;20;17
9;3;7;19.81;199;80
9;3;8;24.76;399;110
9;3;9;28.58;586;122
9;3;10;31.07;737;125
9;3;11;33.13;840;121
9;3;12;34.77;886;113
9;3;13;35.98;855;131
9;3;14;36.67;769;135
9;3;15;36.89;639;120
9;3;16;36.68;454;122
9;3;17;35.98;258;92
9;3;18;34.46;74;39
9;4;6;21.44;18;16
9;4;7;22.6;198;76
9;4;8;25.12;394;113
9;4;9;27.43;583;121
9;4;10;29.73;730;132
9;4;11;31.89;828;138
9;4;12;33.8;882;113
9;4;13;35.29;851;131
9;4;14;36.23;760;142
9;4;15;36.63;627;131
9;4;16;36.71;444;128
9;4;17;36.15;247;100
9;4;18;34.94;56;41
9;5;6;22.53;17;15
9;5;7;23.15;195;77
9;5;8;25.1;393;109
9;5;9;27.21;580;121
9;5;10;29.27;731;125
9;5;11;31.16;829;129
9;5;12;32.69;878;112
9;5;13;33.95;842;139
9;5;14;34.32;756;142
9;5;15;34.8;601;164
9;5;16;34.67;444;120
9;5;17;34.08;236;103
9;5;18;33.11;56;39
9;6;6;22.77;8;8
9;6;7;23.38;122;102
9;6;8;24.91;239;197
9;6;9;26.56;515;209
9;6;10;28.08;700;173
9;6;11;30;773;220
9;6;12;31.42;832;191
9;6;13;31.99;819;172
9;6;14;32.74;739;164
9;6;15;32.63;560;213
9;6;16;31.5;338;215
9;6;17;29.89;260;66
9;6;18;29.23;65;30
9;7;6;22.03;9;9
9;7;7;21.95;121;101
9;7;8;24.1;162;157
9;7;9;25.92;299;268
9;7;10;27.64;484;352
9;7;11;29.21;804;162
9;7;12;30.55;773;271
9;7;13;31.25;847;112
9;7;14;32.07;755;126
9;7;15;32.36;619;118
9;7;16;32.23;405;156
9;7;17;31.48;192;123
9;7;18;30.71;39;33
9;8;6;19.98;12;11
9;8;7;20.23;150;99
9;8;8;23.51;391;98
9;8;9;25.82;574;115
9;8;10;28.01;721;124
9;8;11;29.89;819;129
9;8;12;31.12;858;131
9;8;13;31.94;830;139
9;8;14;32.45;722;176
9;8;15;32.05;574;180
9;8;16;31.35;441;99
9;8;17;30.21;227;94
9;8;18;29.41;55;29
9;9;7;20.97;177;81
9;9;8;24.09;403;73
9;9;9;27.16;565;126
9;9;10;29.2;714;131
9;9;11;30.84;815;129
9;9;12;31.89;854;131
9;9;13;31.87;812;163
9;9;14;31.81;486;363
9;9;15;31.53;157;157
9;9;16;30.99;146;145
9;9;17;30.78;122;111
9;9;18;29.89;37;29
9;10;7;19.21;186;67
9;10;8;22.24;383;101
9;10;9;24.38;568;115
9;10;10;26.28;719;117
9;10;11;27.89;812;129
9;10;12;29.41;854;122
9;10;13;30.41;825;129
9;10;14;31.36;741;126
9;10;15;31.72;601;123
9;10;16;31.52;359;184
9;10;17;30.67;38;38
9;10;18;29.05;23;22
9;11;7;19.78;184;65
9;11;8;21.68;367;118
9;11;9;24.67;489;218
9;11;10;26.46;357;324
9;11;11;27.94;513;392
9;11;12;28.94;746;286
9;11;13;29.74;759;232
9;11;14;29.85;696;192
9;11;15;29.92;560;178
9;11;16;29.42;397;137
9;11;17;28.48;83;82
9;11;18;27.16;23;21
9;12;7;17.53;135;96
9;12;8;19.33;328;158
9;12;9;21.05;561;114
9;12;10;22.95;712;117
9;12;11;24.13;830;76
9;12;12;24.82;765;256
9;12;13;24.98;650;347
9;12;14;25.82;723;140
9;12;15;25.88;301;272
9;12;16;26.07;327;195
9;12;17;25.22;115;105
9;12;18;23.95;36;22
9;13;7;15.9;177;67
9;13;8;18.54;376;96
9;13;9;20.79;561;108
9;13;10;22.69;704;123
9;13;11;23.57;796;137
9;13;12;23.83;819;164
9;13;13;23.99;295;291
9;13;14;24.63;237;236
9;13;15;24.33;255;244
9;13;16;24.36;165;161
9;13;17;23.88;112;102
9;13;18;23.04;14;14
9;14;7;14.72;119;93
9;14;8;15.42;311;166
9;14;9;16.42;546;129
9;14;10;17.61;708;109
9;14;11;19;643;333
9;14;12;19.69;277;276
9;14;13;20.92;461;387
9;14;14;21.65;454;352
9;14;15;21.93;557;157
9;14;16;21.59;262;204
9;14;17;20.42;43;43
9;14;18;19.84;18;18
9;15;7;11.98;173;64
9;15;8;13.94;372;93
9;15;9;15.47;551;113
9;15;10;16.79;697;123
9;15;11;17.93;343;328
9;15;12;18.77;789;200
9;15;13;19.38;596;369
9;15;14;20.02;459;350
9;15;15;20.33;478;242
9;15;16;20.39;398;103
9;15;17;20.25;196;79
9;15;18;19.69;16;16
9;16;7;11.08;171;62
9;16;8;14.35;366;95
9;16;9;16.7;551;108
9;16;10;18.24;690;130
9;16;11;19.65;780;144
9;16;12;20.8;811;155
9;16;13;21.68;794;137
9;16;14;22.27;703;138
9;16;15;22.58;575;110
9;16;16;22.54;390;105
9;16;17;21.95;191;78
9;16;18;20.6;10;10
9;17;7;11.48;170;59
9;17;8;15.83;365;91
9;17;9;18.92;548;108
9;17;10;20.82;690;123
9;17;11;22.35;772;152
9;17;12;23.6;807;155
9;17;13;24.58;784;144
9;17;14;25.19;706;124
9;17;15;25.49;567;115
9;17;16;25.37;385;105
9;17;17;24.61;184;77
9;17;18;23.2;12;12
9;18;7;15.67;163;62
9;18;8;18.7;358;97
9;18;9;21.65;541;113
9;18;10;23.26;683;130
9;18;11;24.36;772;144
9;18;12;25.36;802;154
9;18;13;26.2;784;137
9;18;14;26.67;697;131
9;18;15;26.78;561;114
9;18;16;26.5;379;104
9;18;17;25.57;186;67
9;19;7;14.31;160;62
9;19;8;18.33;353;100
9;19;9;21.61;541;108
9;19;10;23.95;679;130
9;19;11;25.71;764;151
9;19;12;26.96;802;146
9;19;13;27.86;779;136
9;19;14;28.44;695;123
9;19;15;28.67;555;114
9;19;16;28.54;373;102
9;19;17;27.95;180;68
9;20;7;16.04;145;73
9;20;8;19.48;331;125
9;20;9;22.41;494;172
9;20;10;24.29;587;252
9;20;11;25.73;755;158
9;20;12;26.93;733;248
9;20;13;27.54;349;330
9;20;14;28.16;627;221
9;20;15;28.35;250;236
9;20;16;28.05;139;137
9;20;17;27.28;56;56
9;21;7;18.28;94;80
9;21;8;18.19;163;154
9;21;9;19.08;294;254
9;21;10;20.34;403;328
9;21;11;21.81;316;306
9;21;12;23.19;398;362
9;21;13;24.86;187;187
9;21;14;25.38;92;92
9;21;15;24.18;181;180
9;21;16;21.85;73;73
9;21;17;18.44;59;59
9;22;7;12.53;155;54
9;22;8;14.31;350;86
9;22;9;15.61;510;140
9;22;10;16.96;627;192
9;22;11;18.15;686;249
9;22;12;19.09;652;326
9;22;13;19.57;743;172
9;22;14;19.5;515;311
9;22;15;19.42;342;266
9;22;16;19.5;244;182
9;22;17;19.08;173;53
9;23;7;14.01;96;79
9;23;8;14.93;264;167
9;23;9;17.18;470;187
9;23;10;17.86;574;253
9;23;11;18.33;604;325
9;23;12;18.07;79;79
9;23;13;17.51;100;100
9;23;14;16.8;206;206
9;23;15;17.46;438;228
9;23;16;16.82;368;72
9;23;17;16.09;148;72
9;24;7;12.23;79;72
9;24;8;13.09;124;123
9;24;9;14.13;230;219
9;24;10;15.5;329;300
9;24;11;16.28;251;250
9;24;12;17;538;378
9;24;13;17.21;150;150
9;24;14;18.35;197;197
9;24;15;18.22;100;100
9;24;16;17.62;131;129
9;24;17;17.49;55;55
9;25;7;14.52;144;56
9;25;8;16.06;344;80
9;25;9;17.56;507;125
9;25;10;19.05;655;128
9;25;11;20.42;747;135
9;25;12;21.59;783;129
9;25;13;22.36;769;95
9;25;14;22.84;681;88
9;25;15;23.09;530;97
9;25;16;22.87;349;84
9;25;17;22.24;154;52
9;26;7;11.88;139;56
9;26;8;15.74;331;94
9;26;9;19.53;512;111
9;26;10;21.44;651;128
9;26;11;22.86;730;156
9;26;12;24.01;778;128
9;26;13;24.91;760;104
9;26;14;25.62;668;102
9;26;15;25.97;524;96
9;26;16;25.83;339;89
9;26;17;24.96;145;56
9;27;7;12.74;135;56
9;27;8;16.47;326;96
9;27;9;20.88;508;110
9;27;10;22.96;643;133
9;27;11;24.49;725;155
9;27;12;25.63;769;136
9;27;13;26.38;738;134
9;27;14;26.79;662;101
9;27;15;26.76;518;96
9;27;16;26.29;333;88
9;27;17;25.34;140;55
9;28;7;15.74;112;70
9;28;8;16.79;265;153
9;28;9;18.81;458;176
9;28;10;20.34;598;198
9;28;11;21.57;678;222
9;28;12;22.62;702;234
9;28;13;23.15;689;204
9;28;14;23.08;518;280
9;28;15;23.16;461;173
9;28;16;22.52;322;95
9;28;17;21.83;128;60
9;29;7;13.06;129;55
9;29;8;15.23;315;99
9;29;9;17.24;481;140
9;29;10;18.94;611;172
9;29;11;20.42;622;281
9;29;12;21.55;698;233
9;29;13;22.29;747;95
9;29;14;22.19;185;185
9;29;15;22.14;192;188
9;29;16;22.16;279;137
9;29;17;21.55;99;70
9;30;7;16.55;17;17
9;30;8;17.45;182;157
9;30;9;18.71;392;225
9;30;10;20.02;385;312
9;30;11;20.93;388;341
9;30;12;22;441;366
9;30;13;22.47;694;180
9;30;14;22.45;410;312
9;30;15;22.47;484;122
9;30;16;21.2;231;157
9;30;17;20.67;49;48
10;1;7;13.29;132;44
10;1;8;17.39;323;76
10;1;9;18.68;496;104
10;1;10;20.54;607;166
10;1;11;22.12;727;119
10;1;12;23.68;778;80
10;1;13;24.65;733;104
10;1;14;25.17;637;108
10;1;15;25.24;498;89
10;1;16;24.95;316;76
10;1;17;24.09;116;52
10;2;7;17.46;125;47
10;2;8;17.96;320;77
10;2;9;18.9;460;152
10;2;10;20.26;633;114
10;2;11;21.62;575;309
10;2;12;22.98;716;184
10;2;13;23.92;666;208
10;2;14;24.34;628;114
10;2;15;24.48;487;98
10;2;16;24.36;309;78
10;2;17;23.68;113;49
10;3;7;15.03;123;46
10;3;8;17.19;314;79
10;3;9;19.41;488;103
10;3;10;21.11;635;101
10;3;11;22.67;726;105
10;3;12;23.69;755;105
10;3;13;23.71;710;126
10;3;14;24.24;605;143
10;3;15;24.53;486;88
10;3;16;24.22;198;152
10;3;17;23.59;107;48
10;4;7;15.1;114;50
10;4;8;17.09;319;65
10;4;9;19.81;494;84
10;4;10;21.57;624;114
10;4;11;23.04;636;237
10;4;12;24.08;551;341
10;4;13;24.48;671;184
10;4;14;24.55;596;148
10;4;15;24.27;452;134
10;4;16;23.81;280;101
10;4;17;22.64;101;47
10;5;7;11.66;112;49
10;5;8;14.69;259;132
10;5;9;18.75;446;153
10;5;10;20.29;616;119
10;5;11;21.44;689;153
10;5;12;22.46;705;177
10;5;13;23.18;631;229
10;5;14;23.49;554;198
10;5;15;23.32;354;220
10;5;16;22.81;222;142
10;5;17;21.82;81;53
10;6;7;14.17;105;51
10;6;8;14.38;283;104
10;6;9;17.06;470;111
10;6;10;18.51;615;113
10;6;11;19.59;699;125
10;6;12;20.51;720;142
10;6;13;21.21;690;132
10;6;14;21.68;601;118
10;6;15;21.8;469;88
10;6;16;21.5;289;71
10;6;17;20.51;87;47
10;7;7;14.18;64;56
10;7;8;15.04;159;141
10;7;9;16.5;289;233
10;7;10;17.9;548;206
10;7;11;19.02;619;238
10;7;12;20.21;691;180
10;7;13;20.79;644;197
10;7;14;21.03;582;140
10;7;15;21.22;453;105
10;7;16;20.75;265;96
10;7;17;20.27;80;46
10;8;7;15.07;69;56
10;8;8;15.95;156;139
10;8;9;17.27;284;230
10;8;10;18.15;214;212
10;8;11;19.27;351;316
10;8;12;20.04;582;303
10;8;13;20.43;374;325
10;8;14;20.43;507;230
10;8;15;20.99;254;217
10;8;16;20.26;107;105
10;8;17;19.82;85;39
10;9;7;15.44;96;47
10;9;8;15.56;74;74
10;9;9;16.06;289;229
10;9;10;16.89;54;54
10;9;11;17.9;467;333
10;9;12;18.58;451;349
10;9;13;18.76;473;328
10;9;14;18.73;210;208
10;9;15;17.51;105;105
10;9;16;17.01;24;24
10;9;17;16.72;62;45
10;10;7;14.95;47;44
10;10;8;15.44;102;101
10;10;9;15.97;286;227
10;10;10;16.4;427;286
10;10;11;17.44;518;310
10;10;12;18.15;626;245
10;10;13;19;360;316
10;10;14;19.47;341;282
10;10;15;19.77;356;195
10;10;16;19.37;232;109
10;10;17;18.32;74;36
10;11;7;14.92;75;52
10;11;8;15.91;274;88
10;11;9;16.46;153;152
10;11;10;17.61;388;290
10;11;11;18.61;387;326
10;11;12;19.6;429;343
10;11;13;19.98;483;317
10;11;14;20.25;338;280
10;11;15;19.72;330;204
10;11;16;18.88;82;82
10;11;17;18.15;18;18
10;12;7;12.46;51;46
10;12;8;13.06;223;132
10;12;9;13.1;341;213
10;12;10;13.66;564;149
10;12;11;14.79;395;326
10;12;12;15.2;448;341
10;12;13;15.16;578;241
10;12;14;15.86;374;280
10;12;15;16.14;406;129
10;12;16;14.36;109;105
10;12;17;13.25;62;34
10;13;7;12.22;68;49
10;13;8;12.42;157;135
10;13;9;13.33;254;216
10;13;10;14.14;314;275
10;13;11;14.03;585;238
10;13;12;15.21;452;338
10;13;13;15.21;278;267
10;13;14;15.1;497;205
10;13;15;15.13;323;198
10;13;16;14.24;46;46
10;13;17;13.15;29;28
10;14;7;10.27;56;47
10;14;8;10.6;170;136
10;14;9;11.6;303;218
10;14;10;12.96;469;247
10;14;11;14.14;559;259
10;14;12;15.08;404;333
10;14;13;15.62;653;116
10;14;14;15.59;546;130
10;14;15;15.64;417;93
10;14;16;15.52;242;67
10;14;17;14.82;60;27
10;15;7;11.15;57;45
10;15;8;12.33;163;133
10;15;9;13.44;186;179
10;15;10;14.28;156;156
10;15;11;15.08;250;245
10;15;12;15.63;267;261
10;15;13;16.02;128;128
10;15;14;16.33;92;92
10;15;15;16.49;70;70
10;15;16;16.73;169;119
10;15;17;16.73;36;30
10;16;7;15.19;51;42
10;16;8;15.28;147;128
10;16;9;15.66;350;191
10;16;10;16.61;491;216
10;16;11;17.96;407;319
10;16;12;19.14;423;331
10;16;13;19.41;421;313
10;16;14;19.45;286;255
10;16;15;19.36;267;202
10;16;16;19.08;194;106
10;16;17;18.44;46;27
10;17;7;14.14;44;39
10;17;8;15.37;212;120
10;17;9;17.31;436;82
10;17;10;18.82;575;88
10;17;11;19.87;651;110
10;17;12;20.64;611;213
10;17;13;21.38;622;139
10;17;14;21.8;547;97
10;17;15;22.09;403;88
10;17;16;21.97;229;62
10;17;17;21.29;44;25
10;18;7;10.94;70;35
10;18;8;13.17;256;70
10;18;9;16.99;423;98
10;18;10;19.25;567;93
10;18;11;21.09;656;89
10;18;12;22.41;685;82
10;18;13;23.32;631;115
10;18;14;23.91;545;93
10;18;15;24.17;393;95
10;18;16;23.96;218;70
10;18;17;22.44;39;24
10;19;7;14.88;71;30
10;19;8;16.28;236;90
10;19;9;18.2;357;172
10;19;10;20.13;505;181
10;19;11;21.76;630;128
10;19;12;23.12;651;136
10;19;13;24.18;608;144
10;19;14;24.78;391;252
10;19;15;24.95;248;194
10;19;16;24.49;177;102
10;19;17;22.95;30;22
10;20;7;14.86;59;36
10;20;8;16.23;232;89
10;20;9;18.46;395;124
10;20;10;20.41;560;88
10;20;11;21.94;628;121
10;20;12;23.23;656;116
10;20;13;24.19;599;149
10;20;14;24.84;516;121
10;20;15;25.15;369;112
10;20;16;24.79;200;78
10;20;17;23.21;30;20
10;21;7;11.57;58;34
10;21;8;13.75;233;82
10;21;9;18.31;404;103
10;21;10;21.27;546;104
10;21;11;23.13;630;109
10;21;12;24.49;658;103
10;21;13;25.47;607;125
10;21;14;25.98;499;139
10;21;15;25.89;377;93
10;21;16;25.01;205;64
10;21;17;23.19;26;18
10;22;7;12.4;56;31
10;22;8;14.1;235;73
10;22;9;18.56;400;103
10;22;10;20.96;529;123
10;22;11;22.27;611;132
10;22;12;23.12;642;122
10;22;13;23.69;605;119
10;22;14;24.03;514;107
10;22;15;23.99;367;98
10;22;16;23.45;198;66
10;22;17;22.02;27;16
10;23;7;8.99;53;31
10;23;8;10.72;229;76
10;23;9;14.86;378;127
10;23;10;17.6;521;127
10;23;11;19.47;596;149
10;23;12;20.87;629;134
10;23;13;21.96;564;175
10;23;14;22.35;481;149
10;23;15;22.36;299;165
10;23;16;21.86;145;99
10;23;17;20.68;11;11
10;24;7;10.49;51;28
10;24;8;12.44;226;73
10;24;9;16.85;382;115
10;24;10;19.76;528;108
10;24;11;21.68;604;126
10;24;12;23.03;634;115
10;24;13;24.03;556;179
10;24;14;24.54;441;191
10;24;15;24.6;337;123
10;24;16;24.1;183;70
10;24;17;22.58;13;13
10;25;7;13.82;51;24
10;25;8;14.8;184;106
10;25;9;17.23;405;69
10;25;10;19.54;511;126
10;25;11;21.1;592;136
10;25;12;22.45;626;121
10;25;13;23.31;582;129
10;25;14;23.91;498;106
10;25;15;23.99;356;91
10;25;16;23.37;185;62
10;25;17;21.93;12;12
10;26;7;11.7;43;27
10;26;8;13.3;219;70
10;26;9;16.44;386;94
10;26;10;18.71;507;126
10;26;11;20.44;597;119
10;26;12;21.78;627;108
10;26;13;22.71;583;117
10;26;14;23.2;490;110
10;26;15;23.35;335;112
10;26;16;22.84;172;70
10;27;7;10.34;42;24
10;27;8;11.89;205;81
10;27;9;15.81;352;133
10;27;10;18.2;502;125
10;27;11;19.91;585;130
10;27;12;21.17;618;114
10;27;13;22.05;572;128
10;27;14;22.49;487;104
10;27;15;22.54;342;95
10;27;16;22.15;174;61
10;28;7;10.11;24;22
10;28;8;11.73;176;100
10;28;9;15.03;320;161
10;28;10;17.04;500;120
10;28;11;18.81;577;135
10;28;12;19.94;610;120
10;28;13;20.69;600;66
10;28;14;21.01;422;184
10;28;15;21.11;278;155
10;28;16;20.63;111;89
10;29;7;12.75;36;21
10;29;8;13.97;205;69
10;29;9;16.23;365;101
10;29;10;18.24;503;106
10;29;11;19.46;588;107
10;29;12;20.91;611;108
10;29;13;21.8;574;106
10;29;14;22.36;495;71
10;29;15;22.45;332;93
10;29;16;22.03;163;63
10;30;7;10.72;33;20
10;30;8;12.29;202;67
10;30;9;16.15;361;101
10;30;10;18.59;492;114
10;30;11;20.38;573;123
10;30;12;21.76;603;114
10;30;13;22.74;559;121
10;30;14;23.3;466;111
10;30;15;23.43;329;90
10;30;16;22.87;159;62
10;31;7;11.11;29;19
10;31;8;12.24;197;68
10;31;9;15.41;352;106
10;31;10;17.37;488;114
10;31;11;18.9;571;117
10;31;12;20.16;597;113
10;31;13;21.06;554;121
10;31;14;21.59;464;107
10;31;15;21.74;326;87
10;31;16;20.48;157;57
11;1;7;7.14;15;14
11;1;8;9.01;193;58
11;1;9;13.96;271;169
11;1;10;16.65;408;194
11;1;11;18;480;219
11;1;12;19.04;493;232
11;1;13;19.78;503;173
11;1;14;20.12;408;163
11;1;15;20.04;320;76
11;1;16;19.39;135;68
11;2;7;9.48;3;3
11;2;8;11.06;130;96
11;2;9;14.74;150;144
11;2;10;16.63;181;178
11;2;11;17.91;291;259
11;2;12;19.07;404;277
11;2;13;19.34;218;212
11;2;14;19.48;137;137
11;2;15;19.46;146;137
11;2;16;18.63;87;74
11;3;7;12.21;4;4
11;3;8;12.94;43;43
11;3;9;14.46;147;141
11;3;10;15.63;328;230
11;3;11;16.74;172;172
11;3;12;17.03;338;279
11;3;13;17.01;340;265
11;3;14;16.62;291;221
11;3;15;15.91;132;127
11;3;16;15.21;77;69
11;4;7;9.67;12;10
11;4;8;9.9;97;87
11;4;9;10.49;63;63
11;4;10;10.9;338;230
11;4;11;11.17;220;214
11;4;12;11.34;105;105
11;4;13;11.6;67;67
11;4;14;11.92;108;108
11;4;15;12.02;86;86
11;4;16;11.71;22;22
11;5;8;12.43;17;17
11;5;9;12.5;51;51
11;5;10;12.88;100;100
11;5;11;13.4;86;86
11;5;12;14.09;116;116
11;5;13;14.2;96;96
11;5;14;14.45;86;86
11;5;15;14.16;52;52
11;5;16;13.94;22;22
11;6;8;12.57;75;72
11;6;9;13.85;186;161
11;6;10;15.27;264;224
11;6;11;16.73;200;197
11;6;12;18.39;268;249
11;6;13;19.36;178;177
11;6;14;19.61;64;64
11;6;15;18.77;123;119
11;6;16;17.71;60;58
11;7;8;11.33;72;70
11;7;9;12.04;148;141
11;7;10;12.29;334;220
11;7;11;12.9;558;64
11;7;12;13.37;418;261
11;7;13;14.13;276;246
11;7;14;14.32;355;187
11;7;15;14.42;258;122
11;7;16;14.39;129;49
11;8;8;10.11;125;84
11;8;9;11.71;296;119
11;8;10;13.01;404;165
11;8;11;14.03;266;242
11;8;12;14.81;421;257
11;8;13;14.82;382;246
11;8;14;14.79;209;193
11;8;15;14.78;180;147
11;8;16;14.6;97;66
11;9;8;11.8;34;34
11;9;9;12.26;244;157
11;9;10;12.82;226;206
11;9;11;13.59;390;253
11;9;12;14.5;386;270
11;9;13;15.07;499;137
11;9;14;14.96;413;118
11;9;15;14.75;293;73
11;9;16;14.33;125;48
11;10;8;7.34;159;54
11;10;9;9.81;322;77
11;10;10;11.53;432;122
11;10;11;13.34;498;151
11;10;12;14.79;571;68
11;10;13;15.3;526;85
11;10;14;15.83;428;88
11;10;15;15.91;264;106
11;10;16;15.46;114;54
11;11;8;6.04;150;60
11;11;9;9.75;321;76
11;11;10;12.02;449;93
11;11;11;13.53;538;84
11;11;12;14.86;566;80
11;11;13;15.7;512;109
11;11;14;16.18;414;110
11;11;15;16.25;248;120
11;11;16;15.79;68;60
11;12;8;8.15;47;47
11;12;9;10.88;168;148
11;12;10;12.15;287;217
11;12;11;13.78;480;161
11;12;12;14.95;534;118
11;12;13;15.86;351;247
11;12;14;16.28;365;161
11;12;15;16.28;225;130
11;12;16;15.72;100;58
11;13;8;6.99;129;66
11;13;9;9.88;245;141
11;13;10;11.4;343;195
11;13;11;12.56;418;219
11;13;12;13.75;408;246
11;13;13;14.62;373;235
11;13;14;15.03;275;204
11;13;15;15.17;200;137
11;13;16;14.77;80;60
11;14;8;10.42;17;17
11;14;9;10.83;35;35
11;14;10;11.31;38;38
11;14;11;11.76;123;123
11;14;12;12.08;190;188
11;14;13;12.79;219;207
11;14;14;13.09;65;65
11;14;15;13.72;136;124
11;14;16;13.66;35;35
11;15;8;12.1;51;50
11;15;9;12.98;85;85
11;15;10;14.07;116;116
11;15;11;14.63;156;156
11;15;12;15.25;59;59
11;15;13;15.97;276;234
11;15;14;16.35;253;197
11;15;15;16.49;150;129
11;15;16;16.2;53;49
11;16;8;12.76;106;69
11;16;9;13.75;161;140
11;16;10;15.19;316;195
11;16;11;16.26;356;239
11;16;12;17.07;179;178
11;16;13;17.63;482;104
11;16;14;17.87;393;94
11;16;15;17.74;238;103
11;16;16;16.9;96;49
11;17;8;8.41;116;61
11;17;9;11.18;291;71
11;17;10;13.04;384;137
11;17;11;14.57;297;242
11;17;12;16.1;503;130
11;17;13;17.21;480;107
11;17;14;17.82;392;96
11;17;15;18.04;262;72
11;17;16;17.76;99;45
11;18;8;7.72;70;62
11;18;9;11.18;120;116
11;18;10;13.62;138;137
11;18;11;15.27;141;141
11;18;12;16.77;162;162
11;18;13;17.83;174;172
11;18;14;18.52;159;154
11;18;15;18.72;154;129
11;18;16;18.36;37;37
11;19;8;7.8;89;65
11;19;9;11.63;248;110
11;19;10;15.11;357;153
11;19;11;17.24;433;170
11;19;12;18.63;518;81
11;19;13;19.5;481;84
11;19;14;20;386;90
11;19;15;20.07;254;72
11;19;16;19.35;94;42
11;20;8;5.54;118;49
11;20;9;9.09;281;73
11;20;10;11.63;408;93
11;20;11;13.17;494;92
11;20;12;14.51;520;94
11;20;13;15.61;488;86
11;20;14;16.35;394;87
11;20;15;16.59;259;70
11;20;16;15.85;97;41
11;21;8;5.98;115;48
11;21;9;8.72;276;75
11;21;10;11.31;398;103
11;21;11;12.97;486;101
11;21;12;14.16;517;94
11;21;13;14.92;483;91
11;21;14;15.27;391;86
11;21;15;15.18;259;68
11;21;16;14.23;95;41
11;22;8;4.78;111;47
11;22;9;7.74;270;76
11;22;10;10.21;395;99
11;22;11;11.85;481;101
11;22;12;13.22;509;98
11;22;13;14.21;476;95
11;22;14;14.8;386;91
11;22;15;14.9;254;69
11;22;16;14.32;92;39
11;23;8;3.39;109;47
11;23;9;7.23;267;75
11;23;10;10.52;392;98
11;23;11;12.4;481;96
11;23;12;13.69;510;93
11;23;13;14.58;477;91
11;23;14;15;384;90
11;23;15;15.01;237;88
11;23;16;14.4;84;45
11;24;8;3.37;94;54
11;24;9;5.76;269;66
11;24;10;8.84;388;98
11;24;11;10.61;463;117
11;24;12;11.84;489;121
11;24;13;12.71;411;175
11;24;14;13.22;326;156
11;24;15;13.17;199;117
11;24;16;12.66;62;49
11;25;8;6.07;94;49
11;25;9;7.17;95;94
11;25;10;8.65;209;183
11;25;11;9.87;270;225
11;25;12;10.61;230;214
11;25;13;11.33;89;89
11;25;14;11.49;179;166
11;25;15;11.21;64;64
11;25;16;10.77;47;43
11;26;8;9.06;43;42
11;26;9;9.4;24;24
11;26;10;9.72;36;36
11;26;11;9.87;86;86
11;26;12;10.21;135;135
11;26;13;10.61;79;79
11;26;14;10.77;43;43
11;26;15;10.61;47;47
11;26;16;10.63;11;11
11;27;8;9.53;89;45
11;27;9;10.25;192;122
11;27;10;11.11;231;186
11;27;11;12.21;193;186
11;27;12;13.2;163;162
11;27;13;13.72;131;131
11;27;14;14.31;167;158
11;27;15;14.08;84;83
11;27;16;13.56;47;42
11;28;8;7.59;60;50
11;28;9;8.13;72;72
11;28;10;9.37;74;74
11;28;11;10.07;161;159
11;28;12;10.69;233;216
11;28;13;11.37;452;95
11;28;14;12.13;287;170
11;28;15;12.02;171;121
11;28;16;11.73;54;44
11;29;8;7.51;35;34
11;29;9;8.27;131;116
11;29;10;9.27;117;117
11;29;11;10.66;112;112
11;29;12;11.28;167;166
11;29;13;11.97;173;170
11;29;14;12.53;169;159
11;29;15;12.53;141;118
11;29;16;12.41;75;40
11;30;8;7.94;66;47
11;30;9;9.07;182;118
11;30;10;10.77;241;183
11;30;11;12.1;278;221
11;30;12;13.27;454;130
11;30;13;14.02;454;77
11;30;14;14.44;365;79
11;30;15;14.45;235;64
11;30;16;13.76;74;39
12;1;8;0.51;91;34
12;1;9;2.76;243;67
12;1;10;5.64;367;90
12;1;11;7.49;456;89
12;1;12;8.53;472;110
12;1;13;9.44;433;120
12;1;14;10.47;238;184
12;1;15;10.78;169;120
12;1;16;9.86;57;44
12;2;8;-0.55;88;32
12;2;9;1.73;239;69
12;2;10;4.81;368;83
12;2;11;6.63;418;142
12;2;12;7.66;467;114
12;2;13;8.57;367;193
12;2;14;9.21;290;165
12;2;15;9.41;212;94
12;2;16;8.84;83;32
12;3;8;-1.23;83;34
12;3;9;1.11;233;72
12;3;10;4.16;359;92
12;3;11;5.84;437;109
12;3;12;6.99;467;109
12;3;13;7.88;441;101
12;3;14;8.54;359;89
12;3;15;8.69;232;69
12;3;16;8.29;80;33
12;4;8;-1.45;81;33
12;4;9;1.06;226;76
12;4;10;4.73;354;95
12;4;11;6.67;432;112
12;4;12;7.94;462;113
12;4;13;8.84;434;109
12;4;14;9.38;358;89
12;4;15;9.47;232;67
12;4;16;8.64;81;33
12;5;8;-1.54;78;33
12;5;9;1.32;226;72
12;5;10;5.08;351;94
12;5;11;7.01;427;115
12;5;12;8.52;460;113
12;5;13;9.59;430;112
12;5;14;10.18;354;92
12;5;15;10.21;231;67
12;5;16;9.34;80;32
12;6;8;-1.52;76;32
12;6;9;1.05;226;68
12;6;10;4.88;355;85
12;6;11;6.84;437;96
12;6;12;8.29;468;95
12;6;13;9.27;443;88
12;6;14;9.87;363;75
12;6;15;9.87;239;52
12;6;16;9.2;86;24
12;7;8;-0.01;51;40
12;7;9;1.74;105;99
12;7;10;5.09;252;174
12;7;11;7.41;418;122
12;7;12;8.94;466;95
12;7;13;10.19;444;83
12;7;14;10.99;366;68
12;7;15;11.23;234;58
12;7;16;10.55;51;42
12;8;8;6.36;44;38
12;8;9;6.91;239;37
12;8;10;8.92;367;53
12;8;11;10.32;415;121
12;8;12;11.3;377;201
12;8;13;11.68;138;138
12;8;14;11.71;107;107
12;8;15;11.75;211;89
12;8;16;11.29;68;40
12;9;8;9.08;48;38
12;9;9;9.4;133;111
12;9;10;11.23;278;160
12;9;11;12.21;141;141
12;9;12;13.14;264;224
12;9;13;13.48;316;211
12;9;14;13.21;236;177
12;9;15;13.28;191;105
12;9;16;12.72;57;42
12;10;8;9.13;28;27
12;10;9;9.4;30;30
12;10;10;9.83;70;70
12;10;11;10.28;134;134
12;10;12;10.8;113;113
12;10;13;10.6;75;75
12;10;14;10.32;100;100
12;10;15;10.41;50;50
12;10;16;10.38;33;32
12;11;8;5.68;70;20
12;11;9;5.7;170;105
12;11;10;6.43;360;53
12;11;11;7.26;445;60
12;11;12;7.97;480;56
12;11;13;8.67;417;118
12;11;14;8.86;317;132
12;11;15;8.7;146;116
12;11;16;8.09;30;30
12;12;8;-1.52;64;25
12;12;9;0.71;220;50
12;12;10;2.89;361;45
12;12;11;4.77;448;50
12;12;12;6.33;483;45
12;12;13;7.52;447;65
12;12;14;8.29;365;60
12;12;15;8.56;236;52
12;12;16;8.19;81;29
12;13;8;0.75;57;29
12;13;9;2.6;214;58
12;13;10;5.53;350;63
12;13;11;7.03;439;64
12;13;12;8.5;479;50
12;13;13;9.45;436;82
12;13;14;9.92;357;75
12;13;15;10.14;231;61
12;13;16;9.38;83;27
12;14;8;7.63;7;7
12;14;9;8.17;65;65
12;14;10;8.74;33;33
12;14;11;9.62;48;48
12;14;12;9.99;41;41
12;14;13;10.76;73;73
12;14;14;10.97;48;48
12;14;15;10.97;65;65
12;14;16;10.75;26;26
12;15;8;7.95;31;28
12;15;9;8.57;130;105
12;15;10;9.22;101;101
12;15;11;9.85;87;87
12;15;12;10.48;153;152
12;15;13;11.55;203;190
12;15;14;11.68;184;165
12;15;15;11.59;97;94
12;15;16;10.91;12;12
12;16;8;-1.33;53;27
12;16;9;1.37;209;55
12;16;10;5.11;348;56
12;16;11;7.1;437;59
12;16;12;8.04;471;60
12;16;13;8.86;411;121
12;16;14;9.55;354;77
12;16;15;9.67;236;52
12;16;16;9.23;82;28
12;17;8;-1.69;52;25
12;17;9;0.16;205;58
12;17;10;4.18;343;63
12;17;11;6.37;433;64
12;17;12;7.53;468;66
12;17;13;8.33;439;74
12;17;14;8.83;366;56
12;17;15;8.96;237;53
12;17;16;8.61;82;30
12;18;8;-1.16;50;26
12;18;9;1.01;205;54
12;18;10;4.86;339;65
12;18;11;6.88;430;68
12;18;12;8.27;467;65
12;18;13;9.38;439;74
12;18;14;10.02;362;63
12;18;15;10.29;236;55
12;18;16;9.76;88;24
12;19;8;2.3;48;25
12;19;9;3.73;200;59
12;19;10;7.54;336;68
12;19;11;9.69;427;73
12;19;12;10.7;461;75
12;19;13;11.42;436;78
12;19;14;11.78;361;68
12;19;15;11.76;237;55
12;19;16;10.89;84;30
12;20;8;-0.57;48;25
12;20;9;1.94;206;49
12;20;10;6.1;340;58
12;20;11;8.76;426;73
12;20;12;10.37;464;71
12;20;13;11.53;436;78
12;20;14;12.24;353;81
12;20;15;12.31;228;68
12;20;16;11.64;84;32
12;21;8;0.33;46;24
12;21;9;2.55;199;57
12;21;10;7.07;336;65
12;21;11;9.34;425;72
12;21;12;10.98;466;66
12;21;13;12.08;437;78
12;21;14;12.71;362;68
12;21;15;12.88;240;53
12;21;16;12.33;85;32
12;22;8;-0.53;45;24
12;22;9;2.14;200;54
12;22;10;6.94;337;62
12;22;11;10.5;422;76
12;22;12;12.27;453;89
12;22;13;13.36;457;36
12;22;14;13.96;364;64
12;22;15;14.03;241;53
12;22;16;13.17;87;32
12;23;8;0;43;24
12;23;9;2.32;198;55
12;23;10;6.84;334;65
12;23;11;9.17;426;68
12;23;12;10.73;461;75
12;23;13;11.77;435;82
12;23;14;12.31;371;53
12;23;15;12.35;242;53
12;23;16;11.47;88;32
12;24;8;1.82;39;25
12;24;9;3.69;178;77
12;24;10;5.88;286;128
12;24;11;7.69;289;204
12;24;12;9.3;277;223
12;24;13;10.44;376;165
12;24;14;10.99;366;64
12;24;15;11.08;242;55
12;24;16;10.47;88;33
12;25;8;0.31;21;20
12;25;9;1.91;36;36
12;25;10;4.7;112;111
12;25;11;6.43;68;68
12;25;12;7.27;138;138
12;25;13;8.21;174;170
12;25;14;8.39;43;43
12;25;15;8.63;97;94
12;25;16;8.59;45;42
12;26;8;4.2;31;24
12;26;9;4.37;100;91
12;26;10;5.47;163;149
12;26;11;6.19;49;49
12;26;12;6.35;94;94
12;26;13;6.63;370;172
12;26;14;7.1;337;114
12;26;15;7.61;168;121
12;26;16;7.07;41;39
12;27;8;6.31;38;22
12;27;9;6.65;206;35
12;27;10;7.74;321;83
12;27;11;8.64;426;68
12;27;12;9.63;467;65
12;27;13;10.46;400;141
12;27;14;10.6;346;103
12;27;15;10.42;119;110
12;27;16;9.86;76;47
12;28;8;8.89;17;17
12;28;9;9.32;110;95
12;28;10;10.05;210;163
12;28;11;10.55;303;200
12;28;12;10.98;321;221
12;28;13;10.98;189;181
12;28;14;11.55;268;175
12;28;15;11.74;198;111
12;28;16;11.71;86;43
12;29;8;7.08;30;23
12;29;9;8.76;87;83
12;29;10;10.67;129;126
12;29;11;11.81;181;173
12;29;12;12.35;374;194
12;29;13;12.73;323;208
12;29;14;13.05;319;141
12;29;15;13.23;227;88
12;29;16;13.2;90;42
12;30;8;7.4;20;19
12;30;9;7.49;90;85
12;30;10;9.13;134;130
12;30;11;10.49;212;192
12;30;12;11.63;185;180
12;30;13;12.51;321;209
12;30;14;13.15;216;180
12;30;15;13.32;230;87
12;30;16;12.93;102;31
12;31;8;5.53;38;21
12;31;9;5.57;190;59
12;31;10;8.34;56;56
12;31;11;9.64;357;167
12;31;12;10.41;191;185
12;31;13;10.53;71;71
12;31;14;10.78;90;90
12;31;15;10.88;92;91
12;31;16;9.46;35;35
;;;;;
;;;;;
;;;;;
;;;;;
;;;;;
;;;;;
;;;;;
;;;;;
;;; 90 = E) (degree);;
;;;;;
;;;;;
;;; 2001-2023;;
