<?xml version='1.0' standalone='yes' ?>
<LVData xmlns="http://www.ni.com/LVData">
<Version>19.0f2</Version>
<Array>
<Name>Activar MODULO</Name>
<Dimsize>4</Dimsize>
<Boolean>
<Name>Activar MODULO 4</Name>
<Val>1</Val>
</Boolean>
<Boolean>
<Name>Activar MODULO 4</Name>
<Val>1</Val>
</Boolean>
<Boolean>
<Name>Activar MODULO 4</Name>
<Val>1</Val>
</Boolean>
<Boolean>
<Name>Activar MODULO 4</Name>
<Val>1</Val>
</Boolean>
</Array>
<Array>
<Name>Nombres Arrays</Name>
<Dimsize>4</Dimsize>
<String>
<Name>Nombre M4</Name>
<Val>RR1000</Val>
</String>
<String>
<Name>Nombre M4</Name>
<Val>RR2000</Val>
</String>
<String>
<Name>Nombre M4</Name>
<Val>RR3000</Val>
</String>
<String>
<Name>Nombre M4</Name>
<Val>RRFLAT</Val>
</String>
</Array>
<Array>
<Name>Rango I</Name>
<Dimsize>4</Dimsize>
<String>
<Name>Rango V (V) 4</Name>
<Val>10</Val>
</String>
<String>
<Name>Rango V (V) 4</Name>
<Val>10</Val>
</String>
<String>
<Name>Rango V (V) 4</Name>
<Val>10</Val>
</String>
<String>
<Name>Rango V (V) 4</Name>
<Val>10</Val>
</String>
</Array>
<Array>
<Name>Vmax</Name>
<Dimsize>4</Dimsize>
<DBL>
<Name>Vmax (V) 4</Name>
<Val>19.90000000000000</Val>
</DBL>
<DBL>
<Name>Vmax (V) 4</Name>
<Val>19.90000000000000</Val>
</DBL>
<DBL>
<Name>Vmax (V) 4</Name>
<Val>19.90000000000000</Val>
</DBL>
<DBL>
<Name>Vmax (V) 4</Name>
<Val>19.90000000000000</Val>
</DBL>
</Array>
<Array>
<Name>Vmin</Name>
<Dimsize>4</Dimsize>
<DBL>
<Name>Vmax (V) 4</Name>
<Val>-8.00000000000000</Val>
</DBL>
<DBL>
<Name>Vmax (V) 4</Name>
<Val>-8.00000000000000</Val>
</DBL>
<DBL>
<Name>Vmax (V) 4</Name>
<Val>-8.00000000000000</Val>
</DBL>
<DBL>
<Name>Vmax (V) 4</Name>
<Val>-8.00000000000000</Val>
</DBL>
</Array>
<Array>
<Name>Rango V</Name>
<Dimsize>4</Dimsize>
<String>
<Name>Rango I (A) 4</Name>
<Val>40</Val>
</String>
<String>
<Name>Rango I (A) 4</Name>
<Val>40</Val>
</String>
<String>
<Name>Rango I (A) 4</Name>
<Val>40</Val>
</String>
<String>
<Name>Rango I (A) 4</Name>
<Val>40</Val>
</String>
</Array>
<DBL>
<Name>CONSTANTE DE FUENTE</Name>
<Val>2.00000000000000</Val>
</DBL>
<DBL>
<Name> rango variacion fuente</Name>
<Val>0.00000000000000</Val>
</DBL>
<Array>
<Name>CARGAS</Name>
<Dimsize>4</Dimsize>
<String>
<Name>Rango V (V) 4</Name>
<Val>0</Val>
</String>
<String>
<Name>Rango V (V) 4</Name>
<Val>0</Val>
</String>
<String>
<Name>Rango V (V) 4</Name>
<Val>0</Val>
</String>
<String>
<Name>Rango V (V) 4</Name>
<Val>0</Val>
</String>
</Array>
<DBL>
<Name>VMP min (V)</Name>
<Val>20.00000000000000</Val>
</DBL>
<DBL>
<Name>VMP max (V)</Name>
<Val>40.00000000000000</Val>
</DBL>
</LVData>