<?xml version='1.0' standalone='yes' ?>
<LVData xmlns="http://www.ni.com/LVData">
<Version>19.0f2</Version>
<Refnum>
<Name>resource name</Name>
<RefKind>IVI</RefKind>
<Val>SC1Mod3</Val>
</Refnum>
<String>
<Name>topology name</Name>
<Val>1161/8-SPDT</Val>
</String>
<Array>
<Name>Input Limits</Name>
<Dimsize>4</Dimsize>
<Cluster>
<Name>Cluster</Name>
<NumElts>2</NumElts>
<DBL>
<Name>  Max</Name>
<Val>10.00000000000000</Val>
</DBL>
<DBL>
<Name>  Min</Name>
<Val>-10.00000000000000</Val>
</DBL>
</Cluster>
<Cluster>
<Name>Cluster</Name>
<NumElts>2</NumElts>
<DBL>
<Name>  Max</Name>
<Val>10.00000000000000</Val>
</DBL>
<DBL>
<Name>  Min</Name>
<Val>-10.00000000000000</Val>
</DBL>
</Cluster>
<Cluster>
<Name>Cluster</Name>
<NumElts>2</NumElts>
<DBL>
<Name>  Max</Name>
<Val>10.00000000000000</Val>
</DBL>
<DBL>
<Name>  Min</Name>
<Val>-10.00000000000000</Val>
</DBL>
</Cluster>
<Cluster>
<Name>Cluster</Name>
<NumElts>2</NumElts>
<DBL>
<Name>  Max</Name>
<Val>10.00000000000000</Val>
</DBL>
<DBL>
<Name>  Min</Name>
<Val>-10.00000000000000</Val>
</DBL>
</Cluster>
</Array>
<Array>
<Name>K CURVA IV 2</Name>
<Dimsize>3</Dimsize>
<DBL>
<Name>K-0.1A</Name>
<Val>0.50400000000000</Val>
</DBL>
<DBL>
<Name>K-0.1A</Name>
<Val>4.99000000000000</Val>
</DBL>
<DBL>
<Name>K-0.1A</Name>
<Val>25.05800000000000</Val>
</DBL>
</Array>
<DAQChannel>
<Name>Physical Channel 8</Name>
<Val>Dev1/ai3</Val>
</DAQChannel>
<DAQChannel>
<Name>Physical Channel 8</Name>
<Val>Dev1/ai0</Val>
</DAQChannel>
<Array>
<Name> Aray com I</Name>
<Dimsize>4</Dimsize>
<String>
<Name></Name>
<Val>com0</Val>
</String>
<String>
<Name></Name>
<Val>com2</Val>
</String>
<String>
<Name></Name>
<Val>com1</Val>
</String>
<String>
<Name></Name>
<Val>com3</Val>
</String>
</Array>
<Array>
<Name> Aray nc I</Name>
<Dimsize>4</Dimsize>
<String>
<Name></Name>
<Val>nc0</Val>
</String>
<String>
<Name></Name>
<Val>nc2</Val>
</String>
<String>
<Name></Name>
<Val>nc1</Val>
</String>
<String>
<Name></Name>
<Val>nc3</Val>
</String>
</Array>
<Array>
<Name> Aray no I</Name>
<Dimsize>4</Dimsize>
<String>
<Name></Name>
<Val>no0</Val>
</String>
<String>
<Name></Name>
<Val>no2</Val>
</String>
<String>
<Name></Name>
<Val>no1</Val>
</String>
<String>
<Name></Name>
<Val>no3</Val>
</String>
</Array>
<Array>
<Name> Aray com V</Name>
<Dimsize>4</Dimsize>
<String>
<Name></Name>
<Val>com4</Val>
</String>
<String>
<Name></Name>
<Val>com6</Val>
</String>
<String>
<Name></Name>
<Val>com5</Val>
</String>
<String>
<Name></Name>
<Val>com7</Val>
</String>
</Array>
<Array>
<Name> Aray nc V</Name>
<Dimsize>4</Dimsize>
<String>
<Name></Name>
<Val>nc4</Val>
</String>
<String>
<Name></Name>
<Val>nc6</Val>
</String>
<String>
<Name></Name>
<Val>nc5</Val>
</String>
<String>
<Name></Name>
<Val>nc7</Val>
</String>
</Array>
<Array>
<Name> Aray no V</Name>
<Dimsize>4</Dimsize>
<String>
<Name></Name>
<Val>no4</Val>
</String>
<String>
<Name></Name>
<Val>no6</Val>
</String>
<String>
<Name></Name>
<Val>no5</Val>
</String>
<String>
<Name></Name>
<Val>no7</Val>
</String>
</Array>
<DAQChannel>
<Name>Physical Channel 8</Name>
<Val>Dev1/ai2</Val>
</DAQChannel>
<DAQChannel>
<Name>Physical Channel 8</Name>
<Val>Dev1/ai1</Val>
</DAQChannel>
<DAQChannel>
<Name>physical channels</Name>
<Val>Dev1/ao1</Val>
</DAQChannel>
<DAQChannel>
<Name>Lines</Name>
<Val>Dev1/port0/line0</Val>
</DAQChannel>
<Refnum>
<Name>Puerto COM carga</Name>
<RefKind>VISA</RefKind>
<Val>COM5</Val>
</Refnum>
<Refnum>
<Name>Puerto COM carga 2</Name>
<RefKind>VISA</RefKind>
<Val>COM4</Val>
</Refnum>
<Cluster>
<Name>Serial Settings</Name>
<NumElts>5</NumElts>
<U32>
<Name>baud rate</Name>
<Val>9600</Val>
</U32>
<U16>
<Name>data bits</Name>
<Val>8</Val>
</U16>
<EW>
<Name>parity</Name>
<Choice>None</Choice>
<Choice>Odd</Choice>
<Choice>Even</Choice>
<Choice>Mark</Choice>
<Choice>Space</Choice>
<Val>0</Val>
</EW>
<U16>
<Name>stop bits</Name>
<Val>10</Val>
</U16>
<U16>
<Name>flow control</Name>
<Val>0</Val>
</U16>
</Cluster>
<Refnum>
<Name>resource name 2</Name>
<RefKind>IVI</RefKind>
<Val>SC1Mod4</Val>
</Refnum>
</LVData>