<?xml version='1.0' standalone='yes' ?>
<LVData xmlns="http://www.ni.com/LVData">
<Version>19.0f2</Version>
<I32>
<Name>Thermocouple Type</Name>
<Val>10073</Val>
</I32>
<DBL>
<Name>Minimum Value (deg C) 2</Name>
<Val>0.00000000000000</Val>
</DBL>
<DBL>
<Name>Maximum Value (deg C) 2</Name>
<Val>10.00000000000000</Val>
</DBL>
<Array>
<Name>Canales Temperatura</Name>
<Dimsize>12</Dimsize>
<DAQChannel>
<Name>physical channels 9</Name>
<Val>SC1Mod1/ai0</Val>
</DAQChannel>
<DAQChannel>
<Name>physical channels 9</Name>
<Val>SC1Mod1/ai1</Val>
</DAQChannel>
<DAQChannel>
<Name>physical channels 9</Name>
<Val>SC1Mod1/ai2</Val>
</DAQChannel>
<DAQChannel>
<Name>physical channels 9</Name>
<Val>SC1Mod1/ai3</Val>
</DAQChannel>
<DAQChannel>
<Name>physical channels 9</Name>
<Val>SC1Mod1/ai4</Val>
</DAQChannel>
<DAQChannel>
<Name>physical channels 9</Name>
<Val>SC1Mod1/ai5</Val>
</DAQChannel>
<DAQChannel>
<Name>physical channels 9</Name>
<Val>SC1Mod1/ai6</Val>
</DAQChannel>
<DAQChannel>
<Name>physical channels 9</Name>
<Val>SC1Mod1/ai7</Val>
</DAQChannel>
<DAQChannel>
<Name>physical channels 9</Name>
<Val>Dev1/ai4</Val>
</DAQChannel>
<DAQChannel>
<Name>physical channels 9</Name>
<Val>Dev1/ai5</Val>
</DAQChannel>
<DAQChannel>
<Name>physical channels 9</Name>
<Val>Dev1/ai6</Val>
</DAQChannel>
<DAQChannel>
<Name>physical channels 9</Name>
<Val>Dev1/ai7</Val>
</DAQChannel>
</Array>
<Array>
<Name>T1-T8</Name>
<Dimsize>12</Dimsize>
<Boolean>
<Name>T8</Name>
<Val>1</Val>
</Boolean>
<Boolean>
<Name>T8</Name>
<Val>1</Val>
</Boolean>
<Boolean>
<Name>T8</Name>
<Val>1</Val>
</Boolean>
<Boolean>
<Name>T8</Name>
<Val>1</Val>
</Boolean>
<Boolean>
<Name>T8</Name>
<Val>1</Val>
</Boolean>
<Boolean>
<Name>T8</Name>
<Val>1</Val>
</Boolean>
<Boolean>
<Name>T8</Name>
<Val>1</Val>
</Boolean>
<Boolean>
<Name>T8</Name>
<Val>1</Val>
</Boolean>
<Boolean>
<Name>T8</Name>
<Val>0</Val>
</Boolean>
<Boolean>
<Name>T8</Name>
<Val>0</Val>
</Boolean>
<Boolean>
<Name>T8</Name>
<Val>0</Val>
</Boolean>
<Boolean>
<Name>T8</Name>
<Val>0</Val>
</Boolean>
</Array>
<Array>
<Name>K</Name>
<Dimsize>12</Dimsize>
<DBL>
<Name>K8</Name>
<Val>1.00000000000000</Val>
</DBL>
<DBL>
<Name>K8</Name>
<Val>1.00000000000000</Val>
</DBL>
<DBL>
<Name>K8</Name>
<Val>1.00000000000000</Val>
</DBL>
<DBL>
<Name>K8</Name>
<Val>1.00000000000000</Val>
</DBL>
<DBL>
<Name>K8</Name>
<Val>1.00000000000000</Val>
</DBL>
<DBL>
<Name>K8</Name>
<Val>1.00000000000000</Val>
</DBL>
<DBL>
<Name>K8</Name>
<Val>1.00000000000000</Val>
</DBL>
<DBL>
<Name>K8</Name>
<Val>1.00000000000000</Val>
</DBL>
<DBL>
<Name>K8</Name>
<Val>1.00000000000000</Val>
</DBL>
<DBL>
<Name>K8</Name>
<Val>1.00000000000000</Val>
</DBL>
<DBL>
<Name>K8</Name>
<Val>1.00000000000000</Val>
</DBL>
<DBL>
<Name>K8</Name>
<Val>1.00000000000000</Val>
</DBL>
</Array>
<Array>
<Name>T Modulo</Name>
<Dimsize>12</Dimsize>
<String>
<Name>T8 MODULO 2</Name>
<Val>1</Val>
</String>
<String>
<Name>T8 MODULO 2</Name>
<Val>2</Val>
</String>
<String>
<Name>T8 MODULO 2</Name>
<Val>3</Val>
</String>
<String>
<Name>T8 MODULO 2</Name>
<Val>4</Val>
</String>
<String>
<Name>T8 MODULO 2</Name>
<Val>TODOS</Val>
</String>
<String>
<Name>T8 MODULO 2</Name>
<Val>TODOS</Val>
</String>
<String>
<Name>T8 MODULO 2</Name>
<Val>TODOS</Val>
</String>
<String>
<Name>T8 MODULO 2</Name>
<Val>TODOS</Val>
</String>
<String>
<Name>T8 MODULO 2</Name>
<Val></Val>
</String>
<String>
<Name>T8 MODULO 2</Name>
<Val></Val>
</String>
<String>
<Name>T8 MODULO 2</Name>
<Val></Val>
</String>
<String>
<Name>T8 MODULO 2</Name>
<Val></Val>
</String>
</Array>
<Array>
<Name>T/B</Name>
<Dimsize>12</Dimsize>
<String>
<Name>T8</Name>
<Val>T</Val>
</String>
<String>
<Name>T8</Name>
<Val>T</Val>
</String>
<String>
<Name>T8</Name>
<Val>T</Val>
</String>
<String>
<Name>T8</Name>
<Val>T</Val>
</String>
<String>
<Name>T8</Name>
<Val>B</Val>
</String>
<String>
<Name>T8</Name>
<Val>B</Val>
</String>
<String>
<Name>T8</Name>
<Val>B</Val>
</String>
<String>
<Name>T8</Name>
<Val>B</Val>
</String>
<String>
<Name>T8</Name>
<Val>AI</Val>
</String>
<String>
<Name>T8</Name>
<Val>AI</Val>
</String>
<String>
<Name>T8</Name>
<Val>AI</Val>
</String>
<String>
<Name>T8</Name>
<Val>AI</Val>
</String>
</Array>
<DBL>
<Name>Minimum Value (deg C)</Name>
<Val>0.00000000000000</Val>
</DBL>
<DBL>
<Name>Maximum Value (deg C)</Name>
<Val>100.00000000000000</Val>
</DBL>
</LVData>